-- phpMyAdmin SQL Dump
-- version 4.8.5
-- https://www.phpmyadmin.net/
--
-- Host: localhost
-- Generation Time: Aug 29, 2019 at 08:33 PM
-- Server version: 10.1.38-MariaDB
-- PHP Version: 7.3.3

SET SQL_MODE = "NO_AUTO_VALUE_ON_ZERO";
SET AUTOCOMMIT = 0;
START TRANSACTION;
SET time_zone = "+00:00";


/*!40101 SET @OLD_CHARACTER_SET_CLIENT=@@CHARACTER_SET_CLIENT */;
/*!40101 SET @OLD_CHARACTER_SET_RESULTS=@@CHARACTER_SET_RESULTS */;
/*!40101 SET @OLD_COLLATION_CONNECTION=@@COLLATION_CONNECTION */;
/*!40101 SET NAMES utf8mb4 */;

--
-- Database: `db_cfn`
--

-- --------------------------------------------------------

--
-- Table structure for table `ci_session`
--

CREATE TABLE `ci_session` (
  `id` varchar(128) NOT NULL,
  `ip_address` varchar(45) NOT NULL,
  `data` blob NOT NULL,
  `timestamp` int(10) UNSIGNED NOT NULL DEFAULT '0'
) ENGINE=InnoDB DEFAULT CHARSET=latin1;

--
-- Dumping data for table `ci_session`
--

INSERT INTO `ci_session` (`id`, `ip_address`, `data`, `timestamp`) VALUES
('04db45ed2bb6d04075e9d7b9200773669d9dd08e', '::1', 0x5f5f63695f6c6173745f726567656e65726174657c693a313536363536323331363b6c616e677c733a323a226964223b69645f757365727c733a33373a2249442d313536323334363335322d43354649322d5a464745522d51573857492d4336314f4d223b755f656d61696c7c733a32313a2231343034314063696d626e696167612e636f2e6964223b725f6c766c7c733a313a2234223b755f626c6f636b7c733a313a224e223b755f617070727c733a313a2259223b725f72756c657c733a373a22504152544e4552223b69645f726f6f747c733a33373a2249442d313536313634353833302d374e48474e2d42323352382d51595239582d4a5232424c223b6c5f6c766c7c733a363a22313231303936223b, 1566562316),
('087d9be5fb8ad5b1343e0d0fca16ae504c02270d', '::1', 0x5f5f63695f6c6173745f726567656e65726174657c693a313536363739303433353b6c616e677c733a323a226964223b, 1566790435),
('0d69742f0297600ec6b1cdc1c3a972640f6e1f37', '::1', 0x5f5f63695f6c6173745f726567656e65726174657c693a313536363535383839323b6c616e677c733a323a226964223b69645f757365727c733a33373a2249442d313536323334363335322d43354649322d5a464745522d51573857492d4336314f4d223b755f656d61696c7c733a32313a2231343034314063696d626e696167612e636f2e6964223b725f6c766c7c733a313a2234223b755f626c6f636b7c733a313a224e223b755f617070727c733a313a2259223b725f72756c657c733a373a22504152544e4552223b69645f726f6f747c733a33373a2249442d313536313634353833302d374e48474e2d42323352382d51595239582d4a5232424c223b6c5f6c766c7c733a363a22313231303936223b, 1566558892),
('0f56ffda95e9955f87b30c2f4666be131d6989bc', '::1', 0x5f5f63695f6c6173745f726567656e65726174657c693a313536363537353830323b6c616e677c733a323a226964223b69645f757365727c733a33373a2249442d313536323334363335322d43354649322d5a464745522d51573857492d4336314f4d223b755f656d61696c7c733a32313a2231343034314063696d626e696167612e636f2e6964223b725f6c766c7c733a313a2234223b755f626c6f636b7c733a313a224e223b755f617070727c733a313a2259223b725f72756c657c733a373a22504152544e4552223b69645f726f6f747c733a33373a2249442d313536313634353833302d374e48474e2d42323352382d51595239582d4a5232424c223b6c5f6c766c7c733a363a22313231303936223b, 1566575817),
('0f909ce219801a41748865a5d285548c19155b5a', '::1', 0x5f5f63695f6c6173745f726567656e65726174657c693a313536363537303932343b6c616e677c733a323a226964223b69645f757365727c733a33373a2249442d313536323334363335322d43354649322d5a464745522d51573857492d4336314f4d223b755f656d61696c7c733a32313a2231343034314063696d626e696167612e636f2e6964223b725f6c766c7c733a313a2234223b755f626c6f636b7c733a313a224e223b755f617070727c733a313a2259223b725f72756c657c733a373a22504152544e4552223b69645f726f6f747c733a33373a2249442d313536313634353833302d374e48474e2d42323352382d51595239582d4a5232424c223b6c5f6c766c7c733a363a22313231303936223b, 1566570924),
('11ad99096984c3f3024dd2e1d6d02dfe47bf51ed', '::1', 0x5f5f63695f6c6173745f726567656e65726174657c693a313536363535373435353b6c616e677c733a323a226964223b69645f757365727c733a33373a2249442d313536323334363335322d43354649322d5a464745522d51573857492d4336314f4d223b755f656d61696c7c733a32313a2231343034314063696d626e696167612e636f2e6964223b725f6c766c7c733a313a2234223b755f626c6f636b7c733a313a224e223b755f617070727c733a313a2259223b725f72756c657c733a373a22504152544e4552223b69645f726f6f747c733a33373a2249442d313536313634353833302d374e48474e2d42323352382d51595239582d4a5232424c223b6c5f6c766c7c733a363a22313231303936223b, 1566557455),
('13f828986a7e720a39fbd28318ac74656a3946cd', '::1', 0x5f5f63695f6c6173745f726567656e65726174657c693a313536363839313236383b6c616e677c733a323a226964223b, 1566891268),
('193725f3ce858e364ae3c57a976579ecd27e725d', '::1', 0x5f5f63695f6c6173745f726567656e65726174657c693a313536363537323834343b6c616e677c733a323a226964223b69645f757365727c733a33373a2249442d313536323334363335322d43354649322d5a464745522d51573857492d4336314f4d223b755f656d61696c7c733a32313a2231343034314063696d626e696167612e636f2e6964223b725f6c766c7c733a313a2234223b755f626c6f636b7c733a313a224e223b755f617070727c733a313a2259223b725f72756c657c733a373a22504152544e4552223b69645f726f6f747c733a33373a2249442d313536313634353833302d374e48474e2d42323352382d51595239582d4a5232424c223b6c5f6c766c7c733a363a22313231303936223b, 1566572844),
('19e4475a2fa32c88019de20ce7526c58aead6ea5', '::1', 0x5f5f63695f6c6173745f726567656e65726174657c693a313536363739303738303b6c616e677c733a323a226964223b69645f757365727c733a33373a2249442d313536323334363335322d43354649322d5a464745522d51573857492d4336314f4d223b755f656d61696c7c733a32313a2231343034314063696d626e696167612e636f2e6964223b725f6c766c7c733a313a2234223b755f626c6f636b7c733a313a224e223b755f617070727c733a313a2259223b725f72756c657c733a373a22504152544e4552223b69645f726f6f747c733a33373a2249442d313536313634353833302d374e48474e2d42323352382d51595239582d4a5232424c223b6c5f6c766c7c733a363a22313231303936223b, 1566790780),
('21b23ba9862fa5d2748977659fd047a51576c171', '::1', 0x5f5f63695f6c6173745f726567656e65726174657c693a313536363535393531343b6c616e677c733a323a226964223b69645f757365727c733a33373a2249442d313536323334363335322d43354649322d5a464745522d51573857492d4336314f4d223b755f656d61696c7c733a32313a2231343034314063696d626e696167612e636f2e6964223b725f6c766c7c733a313a2234223b755f626c6f636b7c733a313a224e223b755f617070727c733a313a2259223b725f72756c657c733a373a22504152544e4552223b69645f726f6f747c733a33373a2249442d313536313634353833302d374e48474e2d42323352382d51595239582d4a5232424c223b6c5f6c766c7c733a363a22313231303936223b, 1566559514),
('23607a5108b069d2241763f8c72235f12bca14dc', '::1', 0x5f5f63695f6c6173745f726567656e65726174657c693a313536363537353139333b6c616e677c733a323a226964223b69645f757365727c733a33373a2249442d313536323334363335322d43354649322d5a464745522d51573857492d4336314f4d223b755f656d61696c7c733a32313a2231343034314063696d626e696167612e636f2e6964223b725f6c766c7c733a313a2234223b755f626c6f636b7c733a313a224e223b755f617070727c733a313a2259223b725f72756c657c733a373a22504152544e4552223b69645f726f6f747c733a33373a2249442d313536313634353833302d374e48474e2d42323352382d51595239582d4a5232424c223b6c5f6c766c7c733a363a22313231303936223b, 1566575193),
('249d265fc0773f6f11b2b0932f5ef8e8a54ad92b', '::1', 0x5f5f63695f6c6173745f726567656e65726174657c693a313536363539333934353b6c616e677c733a323a226964223b69645f757365727c733a33373a2249442d313536323334363335322d43354649322d5a464745522d51573857492d4336314f4d223b755f656d61696c7c733a32313a2231343034314063696d626e696167612e636f2e6964223b725f6c766c7c733a313a2234223b755f626c6f636b7c733a313a224e223b755f617070727c733a313a2259223b725f72756c657c733a373a22504152544e4552223b69645f726f6f747c733a33373a2249442d313536313634353833302d374e48474e2d42323352382d51595239582d4a5232424c223b6c5f6c766c7c733a363a22313231303936223b, 1566593945),
('2a0db5bc63d3dc18a3ac1b643bcd6ce14eadfef3', '::1', 0x5f5f63695f6c6173745f726567656e65726174657c693a313536373130333537393b6c616e677c733a323a226964223b, 1567103579),
('2cfbb86993140fe8fbed513cc570ded30017db8e', '::1', 0x5f5f63695f6c6173745f726567656e65726174657c693a313536363539303337353b6c616e677c733a323a226964223b69645f757365727c733a33373a2249442d313536323334363335322d43354649322d5a464745522d51573857492d4336314f4d223b755f656d61696c7c733a32313a2231343034314063696d626e696167612e636f2e6964223b725f6c766c7c733a313a2234223b755f626c6f636b7c733a313a224e223b755f617070727c733a313a2259223b725f72756c657c733a373a22504152544e4552223b69645f726f6f747c733a33373a2249442d313536313634353833302d374e48474e2d42323352382d51595239582d4a5232424c223b6c5f6c766c7c733a363a22313231303936223b, 1566590375),
('2dd525dea3e33d511695af51e1b8471b625b3470', '::1', 0x5f5f63695f6c6173745f726567656e65726174657c693a313536363536393838343b6c616e677c733a323a226964223b69645f757365727c733a33373a2249442d313536323334363335322d43354649322d5a464745522d51573857492d4336314f4d223b755f656d61696c7c733a32313a2231343034314063696d626e696167612e636f2e6964223b725f6c766c7c733a313a2234223b755f626c6f636b7c733a313a224e223b755f617070727c733a313a2259223b725f72756c657c733a373a22504152544e4552223b69645f726f6f747c733a33373a2249442d313536313634353833302d374e48474e2d42323352382d51595239582d4a5232424c223b6c5f6c766c7c733a363a22313231303936223b, 1566569884),
('3389a1f278c7073c156991a0b713c7c1e5b99f44', '::1', 0x5f5f63695f6c6173745f726567656e65726174657c693a313536363536303034343b6c616e677c733a323a226964223b69645f757365727c733a33373a2249442d313536323334363335322d43354649322d5a464745522d51573857492d4336314f4d223b755f656d61696c7c733a32313a2231343034314063696d626e696167612e636f2e6964223b725f6c766c7c733a313a2234223b755f626c6f636b7c733a313a224e223b755f617070727c733a313a2259223b725f72756c657c733a373a22504152544e4552223b69645f726f6f747c733a33373a2249442d313536313634353833302d374e48474e2d42323352382d51595239582d4a5232424c223b6c5f6c766c7c733a363a22313231303936223b, 1566560044),
('33907968a7c882facdeecd4f58e34e7a3b81f7a5', '::1', 0x5f5f63695f6c6173745f726567656e65726174657c693a313536363839393439373b6c616e677c733a323a226964223b, 1566899497),
('36053ea51f6d146926e51fe814689508b9d1d9bd', '::1', 0x5f5f63695f6c6173745f726567656e65726174657c693a313536363536323632353b6c616e677c733a323a226964223b69645f757365727c733a33373a2249442d313536323334363335322d43354649322d5a464745522d51573857492d4336314f4d223b755f656d61696c7c733a32313a2231343034314063696d626e696167612e636f2e6964223b725f6c766c7c733a313a2234223b755f626c6f636b7c733a313a224e223b755f617070727c733a313a2259223b725f72756c657c733a373a22504152544e4552223b69645f726f6f747c733a33373a2249442d313536313634353833302d374e48474e2d42323352382d51595239582d4a5232424c223b6c5f6c766c7c733a363a22313231303936223b, 1566562625),
('3d86b5288fac0468d798f1d3d9c630bacccb95a3', '::1', 0x5f5f63695f6c6173745f726567656e65726174657c693a313536363739313131343b6c616e677c733a323a226964223b69645f757365727c733a33373a2249442d313536323334363335322d43354649322d5a464745522d51573857492d4336314f4d223b755f656d61696c7c733a32313a2231343034314063696d626e696167612e636f2e6964223b725f6c766c7c733a313a2234223b755f626c6f636b7c733a313a224e223b755f617070727c733a313a2259223b725f72756c657c733a373a22504152544e4552223b69645f726f6f747c733a33373a2249442d313536313634353833302d374e48474e2d42323352382d51595239582d4a5232424c223b6c5f6c766c7c733a363a22313231303936223b, 1566791114),
('3e188c618939a470ba807bccb9ea8a680412f0ca', '::1', 0x5f5f63695f6c6173745f726567656e65726174657c693a313536363537323235373b6c616e677c733a323a226964223b69645f757365727c733a33373a2249442d313536323334363335322d43354649322d5a464745522d51573857492d4336314f4d223b755f656d61696c7c733a32313a2231343034314063696d626e696167612e636f2e6964223b725f6c766c7c733a313a2234223b755f626c6f636b7c733a313a224e223b755f617070727c733a313a2259223b725f72756c657c733a373a22504152544e4552223b69645f726f6f747c733a33373a2249442d313536313634353833302d374e48474e2d42323352382d51595239582d4a5232424c223b6c5f6c766c7c733a363a22313231303936223b, 1566572257),
('3f1572c48e665e27ff44cddd08b359ce440cf63c', '::1', 0x5f5f63695f6c6173745f726567656e65726174657c693a313536363839313236383b6c616e677c733a323a226964223b69645f757365727c733a33373a2249442d313536323334363335322d43354649322d5a464745522d51573857492d4336314f4d223b755f656d61696c7c733a32313a2231343034314063696d626e696167612e636f2e6964223b725f6c766c7c733a313a2234223b755f626c6f636b7c733a313a224e223b755f617070727c733a313a2259223b725f72756c657c733a373a22504152544e4552223b69645f726f6f747c733a33373a2249442d313536313634353833302d374e48474e2d42323352382d51595239582d4a5232424c223b6c5f6c766c7c733a363a22313231303936223b, 1566891357),
('42b6c4b1b1ca723531beea73df1796874e2765c5', '::1', 0x5f5f63695f6c6173745f726567656e65726174657c693a313536363536383739363b6c616e677c733a323a226964223b69645f757365727c733a33373a2249442d313536323334363335322d43354649322d5a464745522d51573857492d4336314f4d223b755f656d61696c7c733a32313a2231343034314063696d626e696167612e636f2e6964223b725f6c766c7c733a313a2234223b755f626c6f636b7c733a313a224e223b755f617070727c733a313a2259223b725f72756c657c733a373a22504152544e4552223b69645f726f6f747c733a33373a2249442d313536313634353833302d374e48474e2d42323352382d51595239582d4a5232424c223b6c5f6c766c7c733a363a22313231303936223b, 1566568796),
('47352834bf5af558ba3d67a37d46da25568c7b52', '::1', 0x5f5f63695f6c6173745f726567656e65726174657c693a313536363537313735353b6c616e677c733a323a226964223b69645f757365727c733a33373a2249442d313536323334363335322d43354649322d5a464745522d51573857492d4336314f4d223b755f656d61696c7c733a32313a2231343034314063696d626e696167612e636f2e6964223b725f6c766c7c733a313a2234223b755f626c6f636b7c733a313a224e223b755f617070727c733a313a2259223b725f72756c657c733a373a22504152544e4552223b69645f726f6f747c733a33373a2249442d313536313634353833302d374e48474e2d42323352382d51595239582d4a5232424c223b6c5f6c766c7c733a363a22313231303936223b, 1566571755),
('4993a92002aec76e7850ff841c66dd55879c9ba1', '::1', 0x5f5f63695f6c6173745f726567656e65726174657c693a313536363539343837383b6c616e677c733a323a226964223b69645f757365727c733a33373a2249442d313536323334363335322d43354649322d5a464745522d51573857492d4336314f4d223b755f656d61696c7c733a32313a2231343034314063696d626e696167612e636f2e6964223b725f6c766c7c733a313a2234223b755f626c6f636b7c733a313a224e223b755f617070727c733a313a2259223b725f72756c657c733a373a22504152544e4552223b69645f726f6f747c733a33373a2249442d313536313634353833302d374e48474e2d42323352382d51595239582d4a5232424c223b6c5f6c766c7c733a363a22313231303936223b, 1566594878),
('5580e5a1db10edaa74680c3d539fd09b03e17be6', '::1', 0x5f5f63695f6c6173745f726567656e65726174657c693a313536363536393235363b6c616e677c733a323a226964223b69645f757365727c733a33373a2249442d313536323334363335322d43354649322d5a464745522d51573857492d4336314f4d223b755f656d61696c7c733a32313a2231343034314063696d626e696167612e636f2e6964223b725f6c766c7c733a313a2234223b755f626c6f636b7c733a313a224e223b755f617070727c733a313a2259223b725f72756c657c733a373a22504152544e4552223b69645f726f6f747c733a33373a2249442d313536313634353833302d374e48474e2d42323352382d51595239582d4a5232424c223b6c5f6c766c7c733a363a22313231303936223b, 1566569256),
('55fd045c1c47904747b4dd398f2ee0c5fdf016fc', '::1', 0x5f5f63695f6c6173745f726567656e65726174657c693a313536363537353439383b6c616e677c733a323a226964223b69645f757365727c733a33373a2249442d313536323334363335322d43354649322d5a464745522d51573857492d4336314f4d223b755f656d61696c7c733a32313a2231343034314063696d626e696167612e636f2e6964223b725f6c766c7c733a313a2234223b755f626c6f636b7c733a313a224e223b755f617070727c733a313a2259223b725f72756c657c733a373a22504152544e4552223b69645f726f6f747c733a33373a2249442d313536313634353833302d374e48474e2d42323352382d51595239582d4a5232424c223b6c5f6c766c7c733a363a22313231303936223b737563636573737c733a33323a224f7065726174696f6e20436f6d706c657465205375636365737366756c6c7921223b5f5f63695f766172737c613a323a7b733a373a2273756363657373223b733a333a226f6c64223b733a353a226572726f72223b733a333a226f6c64223b7d6572726f727c733a38363a223c703e596f7520646964206e6f742073656c65637420612066696c6520746f2075706c6f61642e3c2f703e3c703e596f7520646964206e6f742073656c65637420612066696c6520746f2075706c6f61642e3c2f703e223b, 1566575498),
('5938eaad26e7b3157ed1f1a4f4cf8daf5c4b1627', '::1', 0x5f5f63695f6c6173745f726567656e65726174657c693a313536363539323731383b6c616e677c733a323a226964223b69645f757365727c733a33373a2249442d313536323334363335322d43354649322d5a464745522d51573857492d4336314f4d223b755f656d61696c7c733a32313a2231343034314063696d626e696167612e636f2e6964223b725f6c766c7c733a313a2234223b755f626c6f636b7c733a313a224e223b755f617070727c733a313a2259223b725f72756c657c733a373a22504152544e4552223b69645f726f6f747c733a33373a2249442d313536313634353833302d374e48474e2d42323352382d51595239582d4a5232424c223b6c5f6c766c7c733a363a22313231303936223b, 1566592718),
('5cdfcc63ac42303a9d388f0d8b9558fb19e96c05', '::1', 0x5f5f63695f6c6173745f726567656e65726174657c693a313536363536303737313b6c616e677c733a323a226964223b69645f757365727c733a33373a2249442d313536323334363335322d43354649322d5a464745522d51573857492d4336314f4d223b755f656d61696c7c733a32313a2231343034314063696d626e696167612e636f2e6964223b725f6c766c7c733a313a2234223b755f626c6f636b7c733a313a224e223b755f617070727c733a313a2259223b725f72756c657c733a373a22504152544e4552223b69645f726f6f747c733a33373a2249442d313536313634353833302d374e48474e2d42323352382d51595239582d4a5232424c223b6c5f6c766c7c733a363a22313231303936223b, 1566560771),
('68339d9170cd63a76317c5ebe9ee68a6229c1219', '::1', 0x5f5f63695f6c6173745f726567656e65726174657c693a313536363536333037393b6c616e677c733a323a226964223b69645f757365727c733a33373a2249442d313536323334363335322d43354649322d5a464745522d51573857492d4336314f4d223b755f656d61696c7c733a32313a2231343034314063696d626e696167612e636f2e6964223b725f6c766c7c733a313a2234223b755f626c6f636b7c733a313a224e223b755f617070727c733a313a2259223b725f72756c657c733a373a22504152544e4552223b69645f726f6f747c733a33373a2249442d313536313634353833302d374e48474e2d42323352382d51595239582d4a5232424c223b6c5f6c766c7c733a363a22313231303936223b, 1566563079),
('6cf3977d72662acf10c4c1eafd4639ffd38cc32b', '::1', 0x5f5f63695f6c6173745f726567656e65726174657c693a313536363536343130393b6c616e677c733a323a226964223b69645f757365727c733a33373a2249442d313536323334363335322d43354649322d5a464745522d51573857492d4336314f4d223b755f656d61696c7c733a32313a2231343034314063696d626e696167612e636f2e6964223b725f6c766c7c733a313a2234223b755f626c6f636b7c733a313a224e223b755f617070727c733a313a2259223b725f72756c657c733a373a22504152544e4552223b69645f726f6f747c733a33373a2249442d313536313634353833302d374e48474e2d42323352382d51595239582d4a5232424c223b6c5f6c766c7c733a363a22313231303936223b, 1566564109),
('6da6ece9c672a5864ef5f8e9a031a576b0a59d9f', '::1', 0x5f5f63695f6c6173745f726567656e65726174657c693a313536363537303630363b6c616e677c733a323a226964223b69645f757365727c733a33373a2249442d313536323334363335322d43354649322d5a464745522d51573857492d4336314f4d223b755f656d61696c7c733a32313a2231343034314063696d626e696167612e636f2e6964223b725f6c766c7c733a313a2234223b755f626c6f636b7c733a313a224e223b755f617070727c733a313a2259223b725f72756c657c733a373a22504152544e4552223b69645f726f6f747c733a33373a2249442d313536313634353833302d374e48474e2d42323352382d51595239582d4a5232424c223b6c5f6c766c7c733a363a22313231303936223b, 1566570606),
('70c3b1f67f7f9d33a25db0444f0d4e8359498c38', '::1', 0x5f5f63695f6c6173745f726567656e65726174657c693a313536363537353830323b6c616e677c733a323a226964223b69645f757365727c733a33373a2249442d313536323334363335322d43354649322d5a464745522d51573857492d4336314f4d223b755f656d61696c7c733a32313a2231343034314063696d626e696167612e636f2e6964223b725f6c766c7c733a313a2234223b755f626c6f636b7c733a313a224e223b755f617070727c733a313a2259223b725f72756c657c733a373a22504152544e4552223b69645f726f6f747c733a33373a2249442d313536313634353833302d374e48474e2d42323352382d51595239582d4a5232424c223b6c5f6c766c7c733a363a22313231303936223b, 1566575802),
('71d6fe5428cfe294c3985b8bbde77dff5aed2b08', '::1', 0x5f5f63695f6c6173745f726567656e65726174657c693a313536363536353536323b6c616e677c733a323a226964223b69645f757365727c733a33373a2249442d313536323334363335322d43354649322d5a464745522d51573857492d4336314f4d223b755f656d61696c7c733a32313a2231343034314063696d626e696167612e636f2e6964223b725f6c766c7c733a313a2234223b755f626c6f636b7c733a313a224e223b755f617070727c733a313a2259223b725f72756c657c733a373a22504152544e4552223b69645f726f6f747c733a33373a2249442d313536313634353833302d374e48474e2d42323352382d51595239582d4a5232424c223b6c5f6c766c7c733a363a22313231303936223b, 1566565562),
('730621c03fbe7626f4e6c47fe78db1273cb682a0', '::1', 0x5f5f63695f6c6173745f726567656e65726174657c693a313536363539353138333b6c616e677c733a323a226964223b69645f757365727c733a33373a2249442d313536323334363335322d43354649322d5a464745522d51573857492d4336314f4d223b755f656d61696c7c733a32313a2231343034314063696d626e696167612e636f2e6964223b725f6c766c7c733a313a2234223b755f626c6f636b7c733a313a224e223b755f617070727c733a313a2259223b725f72756c657c733a373a22504152544e4552223b69645f726f6f747c733a33373a2249442d313536313634353833302d374e48474e2d42323352382d51595239582d4a5232424c223b6c5f6c766c7c733a363a22313231303936223b, 1566595183),
('732da42a3f1e780753e5fd22add899a0e37dd1d0', '::1', 0x5f5f63695f6c6173745f726567656e65726174657c693a313536363539313431313b6c616e677c733a323a226964223b69645f757365727c733a33373a2249442d313536323334363335322d43354649322d5a464745522d51573857492d4336314f4d223b755f656d61696c7c733a32313a2231343034314063696d626e696167612e636f2e6964223b725f6c766c7c733a313a2234223b755f626c6f636b7c733a313a224e223b755f617070727c733a313a2259223b725f72756c657c733a373a22504152544e4552223b69645f726f6f747c733a33373a2249442d313536313634353833302d374e48474e2d42323352382d51595239582d4a5232424c223b6c5f6c766c7c733a363a22313231303936223b, 1566591411),
('7757c1572b5b1b0f37999a32912c0109f81a9af6', '::1', 0x5f5f63695f6c6173745f726567656e65726174657c693a313536363632323136313b6c616e677c733a323a226964223b, 1566622259),
('77dff0f7ad22ba680fd6772eed464d670711b487', '::1', 0x5f5f63695f6c6173745f726567656e65726174657c693a313536363539333037333b6c616e677c733a323a226964223b69645f757365727c733a33373a2249442d313536323334363335322d43354649322d5a464745522d51573857492d4336314f4d223b755f656d61696c7c733a32313a2231343034314063696d626e696167612e636f2e6964223b725f6c766c7c733a313a2234223b755f626c6f636b7c733a313a224e223b755f617070727c733a313a2259223b725f72756c657c733a373a22504152544e4552223b69645f726f6f747c733a33373a2249442d313536313634353833302d374e48474e2d42323352382d51595239582d4a5232424c223b6c5f6c766c7c733a363a22313231303936223b, 1566593073),
('7ef2da65bdce01ffa0fe3129548c30f98f5fb324', '::1', 0x5f5f63695f6c6173745f726567656e65726174657c693a313536363536343538383b6c616e677c733a323a226964223b69645f757365727c733a33373a2249442d313536323334363335322d43354649322d5a464745522d51573857492d4336314f4d223b755f656d61696c7c733a32313a2231343034314063696d626e696167612e636f2e6964223b725f6c766c7c733a313a2234223b755f626c6f636b7c733a313a224e223b755f617070727c733a313a2259223b725f72756c657c733a373a22504152544e4552223b69645f726f6f747c733a33373a2249442d313536313634353833302d374e48474e2d42323352382d51595239582d4a5232424c223b6c5f6c766c7c733a363a22313231303936223b, 1566564588),
('84e2a884c4c5c311c827a3a74ef2d46b6f6c6558', '::1', 0x5f5f63695f6c6173745f726567656e65726174657c693a313536363536303335303b6c616e677c733a323a226964223b69645f757365727c733a33373a2249442d313536323334363335322d43354649322d5a464745522d51573857492d4336314f4d223b755f656d61696c7c733a32313a2231343034314063696d626e696167612e636f2e6964223b725f6c766c7c733a313a2234223b755f626c6f636b7c733a313a224e223b755f617070727c733a313a2259223b725f72756c657c733a373a22504152544e4552223b69645f726f6f747c733a33373a2249442d313536313634353833302d374e48474e2d42323352382d51595239582d4a5232424c223b6c5f6c766c7c733a363a22313231303936223b, 1566560350),
('8875a57c3214ed0ac9e72faa1346e82607e5780c', '::1', 0x5f5f63695f6c6173745f726567656e65726174657c693a313536363537333836343b6c616e677c733a323a226964223b69645f757365727c733a33373a2249442d313536323334363335322d43354649322d5a464745522d51573857492d4336314f4d223b755f656d61696c7c733a32313a2231343034314063696d626e696167612e636f2e6964223b725f6c766c7c733a313a2234223b755f626c6f636b7c733a313a224e223b755f617070727c733a313a2259223b725f72756c657c733a373a22504152544e4552223b69645f726f6f747c733a33373a2249442d313536313634353833302d374e48474e2d42323352382d51595239582d4a5232424c223b6c5f6c766c7c733a363a22313231303936223b, 1566573864),
('8cf2364a1d0f77d11b2721a3570bcc811cc8d7ae', '::1', 0x5f5f63695f6c6173745f726567656e65726174657c693a313536363539363039393b6c616e677c733a323a226964223b69645f757365727c733a33373a2249442d313536323334363335322d43354649322d5a464745522d51573857492d4336314f4d223b755f656d61696c7c733a32313a2231343034314063696d626e696167612e636f2e6964223b725f6c766c7c733a313a2234223b755f626c6f636b7c733a313a224e223b755f617070727c733a313a2259223b725f72756c657c733a373a22504152544e4552223b69645f726f6f747c733a33373a2249442d313536313634353833302d374e48474e2d42323352382d51595239582d4a5232424c223b6c5f6c766c7c733a363a22313231303936223b, 1566596099),
('95be65c652e28e7043dd3a2cf5a3063a8cd1e970', '::1', 0x5f5f63695f6c6173745f726567656e65726174657c693a313536363535373830373b6c616e677c733a323a226964223b69645f757365727c733a33373a2249442d313536323334363335322d43354649322d5a464745522d51573857492d4336314f4d223b755f656d61696c7c733a32313a2231343034314063696d626e696167612e636f2e6964223b725f6c766c7c733a313a2234223b755f626c6f636b7c733a313a224e223b755f617070727c733a313a2259223b725f72756c657c733a373a22504152544e4552223b69645f726f6f747c733a33373a2249442d313536313634353833302d374e48474e2d42323352382d51595239582d4a5232424c223b6c5f6c766c7c733a363a22313231303936223b, 1566557807),
('9ddf7c7bb12e5a8fd546c46b33d5abda45daf6f8', '::1', 0x5f5f63695f6c6173745f726567656e65726174657c693a313536363632323136313b6c616e677c733a323a226964223b, 1566622161),
('a4185e4fcd31317123a0f2c7aea4c3a40a3ddc9f', '::1', 0x5f5f63695f6c6173745f726567656e65726174657c693a313536363539333437383b6c616e677c733a323a226964223b69645f757365727c733a33373a2249442d313536323334363335322d43354649322d5a464745522d51573857492d4336314f4d223b755f656d61696c7c733a32313a2231343034314063696d626e696167612e636f2e6964223b725f6c766c7c733a313a2234223b755f626c6f636b7c733a313a224e223b755f617070727c733a313a2259223b725f72756c657c733a373a22504152544e4552223b69645f726f6f747c733a33373a2249442d313536313634353833302d374e48474e2d42323352382d51595239582d4a5232424c223b6c5f6c766c7c733a363a22313231303936223b, 1566593478),
('a6a6359437592585ad1991f7df710cb33b193828', '::1', 0x5f5f63695f6c6173745f726567656e65726174657c693a313536363538393337383b6c616e677c733a323a226964223b69645f757365727c733a33373a2249442d313536323334363335322d43354649322d5a464745522d51573857492d4336314f4d223b755f656d61696c7c733a32313a2231343034314063696d626e696167612e636f2e6964223b725f6c766c7c733a313a2234223b755f626c6f636b7c733a313a224e223b755f617070727c733a313a2259223b725f72756c657c733a373a22504152544e4552223b69645f726f6f747c733a33373a2249442d313536313634353833302d374e48474e2d42323352382d51595239582d4a5232424c223b6c5f6c766c7c733a363a22313231303936223b, 1566589378),
('acaa306ed9c6ed528ecdd09c5a0d74227b4e2472', '::1', 0x5f5f63695f6c6173745f726567656e65726174657c693a313536363539323036333b6c616e677c733a323a226964223b69645f757365727c733a33373a2249442d313536323334363335322d43354649322d5a464745522d51573857492d4336314f4d223b755f656d61696c7c733a32313a2231343034314063696d626e696167612e636f2e6964223b725f6c766c7c733a313a2234223b755f626c6f636b7c733a313a224e223b755f617070727c733a313a2259223b725f72756c657c733a373a22504152544e4552223b69645f726f6f747c733a33373a2249442d313536313634353833302d374e48474e2d42323352382d51595239582d4a5232424c223b6c5f6c766c7c733a363a22313231303936223b, 1566592063),
('ad83667889b4c66528e28aab77bd55052a0b57a4', '::1', 0x5f5f63695f6c6173745f726567656e65726174657c693a313536363539303033363b6c616e677c733a323a226964223b69645f757365727c733a33373a2249442d313536323334363335322d43354649322d5a464745522d51573857492d4336314f4d223b755f656d61696c7c733a32313a2231343034314063696d626e696167612e636f2e6964223b725f6c766c7c733a313a2234223b755f626c6f636b7c733a313a224e223b755f617070727c733a313a2259223b725f72756c657c733a373a22504152544e4552223b69645f726f6f747c733a33373a2249442d313536313634353833302d374e48474e2d42323352382d51595239582d4a5232424c223b6c5f6c766c7c733a363a22313231303936223b, 1566590036),
('b102096fba8cbdae1421aeb12c3df878bcd32c65', '::1', 0x5f5f63695f6c6173745f726567656e65726174657c693a313536363539353534343b6c616e677c733a323a226964223b69645f757365727c733a33373a2249442d313536323334363335322d43354649322d5a464745522d51573857492d4336314f4d223b755f656d61696c7c733a32313a2231343034314063696d626e696167612e636f2e6964223b725f6c766c7c733a313a2234223b755f626c6f636b7c733a313a224e223b755f617070727c733a313a2259223b725f72756c657c733a373a22504152544e4552223b69645f726f6f747c733a33373a2249442d313536313634353833302d374e48474e2d42323352382d51595239582d4a5232424c223b6c5f6c766c7c733a363a22313231303936223b, 1566595544),
('b27bf020ad845ea9f2a2070ff6192fd628903b74', '::1', 0x5f5f63695f6c6173745f726567656e65726174657c693a313536363537343838363b6c616e677c733a323a226964223b69645f757365727c733a33373a2249442d313536323334363335322d43354649322d5a464745522d51573857492d4336314f4d223b755f656d61696c7c733a32313a2231343034314063696d626e696167612e636f2e6964223b725f6c766c7c733a313a2234223b755f626c6f636b7c733a313a224e223b755f617070727c733a313a2259223b725f72756c657c733a373a22504152544e4552223b69645f726f6f747c733a33373a2249442d313536313634353833302d374e48474e2d42323352382d51595239582d4a5232424c223b6c5f6c766c7c733a363a22313231303936223b, 1566574886),
('b4f020bc0850e7978bf5169b7fb9a08ec595cdb3', '::1', 0x5f5f63695f6c6173745f726567656e65726174657c693a313536363539313733333b6c616e677c733a323a22656e223b69645f757365727c733a33373a2249442d313536323334363335322d43354649322d5a464745522d51573857492d4336314f4d223b755f656d61696c7c733a32313a2231343034314063696d626e696167612e636f2e6964223b725f6c766c7c733a313a2234223b755f626c6f636b7c733a313a224e223b755f617070727c733a313a2259223b725f72756c657c733a373a22504152544e4552223b69645f726f6f747c733a33373a2249442d313536313634353833302d374e48474e2d42323352382d51595239582d4a5232424c223b6c5f6c766c7c733a363a22313231303936223b, 1566591733),
('b4f2662ead225e5f5c98a70abbde4149161c12bc', '::1', 0x5f5f63695f6c6173745f726567656e65726174657c693a313536363537333232383b6c616e677c733a323a226964223b69645f757365727c733a33373a2249442d313536323334363335322d43354649322d5a464745522d51573857492d4336314f4d223b755f656d61696c7c733a32313a2231343034314063696d626e696167612e636f2e6964223b725f6c766c7c733a313a2234223b755f626c6f636b7c733a313a224e223b755f617070727c733a313a2259223b725f72756c657c733a373a22504152544e4552223b69645f726f6f747c733a33373a2249442d313536313634353833302d374e48474e2d42323352382d51595239582d4a5232424c223b6c5f6c766c7c733a363a22313231303936223b, 1566573228),
('bed34137f34b5b6dedc23789927f38535765c17c', '::1', 0x5f5f63695f6c6173745f726567656e65726174657c693a313536363739303038343b6c616e677c733a323a226964223b, 1566790084),
('c098b0569ad236d9bc1a9e2a1cceeb5c82f1b29c', '::1', 0x5f5f63695f6c6173745f726567656e65726174657c693a313536363539313033313b6c616e677c733a323a226964223b69645f757365727c733a33373a2249442d313536323334363335322d43354649322d5a464745522d51573857492d4336314f4d223b755f656d61696c7c733a32313a2231343034314063696d626e696167612e636f2e6964223b725f6c766c7c733a313a2234223b755f626c6f636b7c733a313a224e223b755f617070727c733a313a2259223b725f72756c657c733a373a22504152544e4552223b69645f726f6f747c733a33373a2249442d313536313634353833302d374e48474e2d42323352382d51595239582d4a5232424c223b6c5f6c766c7c733a363a22313231303936223b, 1566591031),
('c3a420eabc21bab4ba8c2eb55d9638436d02d9a5', '::1', 0x5f5f63695f6c6173745f726567656e65726174657c693a313536363537313337313b6c616e677c733a323a226964223b69645f757365727c733a33373a2249442d313536323334363335322d43354649322d5a464745522d51573857492d4336314f4d223b755f656d61696c7c733a32313a2231343034314063696d626e696167612e636f2e6964223b725f6c766c7c733a313a2234223b755f626c6f636b7c733a313a224e223b755f617070727c733a313a2259223b725f72756c657c733a373a22504152544e4552223b69645f726f6f747c733a33373a2249442d313536313634353833302d374e48474e2d42323352382d51595239582d4a5232424c223b6c5f6c766c7c733a363a22313231303936223b, 1566571371),
('c69da3f3a5225f8b22f33edcade50cf3f648044e', '::1', 0x5f5f63695f6c6173745f726567656e65726174657c693a313536363536343930333b6c616e677c733a323a226964223b69645f757365727c733a33373a2249442d313536323334363335322d43354649322d5a464745522d51573857492d4336314f4d223b755f656d61696c7c733a32313a2231343034314063696d626e696167612e636f2e6964223b725f6c766c7c733a313a2234223b755f626c6f636b7c733a313a224e223b755f617070727c733a313a2259223b725f72756c657c733a373a22504152544e4552223b69645f726f6f747c733a33373a2249442d313536313634353833302d374e48474e2d42323352382d51595239582d4a5232424c223b6c5f6c766c7c733a363a22313231303936223b, 1566564903),
('c7365f3187346d3b502db1e685576b79f40977b9', '::1', 0x5f5f63695f6c6173745f726567656e65726174657c693a313536363539343236313b6c616e677c733a323a226964223b69645f757365727c733a33373a2249442d313536323334363335322d43354649322d5a464745522d51573857492d4336314f4d223b755f656d61696c7c733a32313a2231343034314063696d626e696167612e636f2e6964223b725f6c766c7c733a313a2234223b755f626c6f636b7c733a313a224e223b755f617070727c733a313a2259223b725f72756c657c733a373a22504152544e4552223b69645f726f6f747c733a33373a2249442d313536313634353833302d374e48474e2d42323352382d51595239582d4a5232424c223b6c5f6c766c7c733a363a22313231303936223b, 1566594261),
('caf1ea1bbaa1ac98263701cc837e56c045b26658', '::1', 0x5f5f63695f6c6173745f726567656e65726174657c693a313536363538393732303b6c616e677c733a323a226964223b69645f757365727c733a33373a2249442d313536323334363335322d43354649322d5a464745522d51573857492d4336314f4d223b755f656d61696c7c733a32313a2231343034314063696d626e696167612e636f2e6964223b725f6c766c7c733a313a2234223b755f626c6f636b7c733a313a224e223b755f617070727c733a313a2259223b725f72756c657c733a373a22504152544e4552223b69645f726f6f747c733a33373a2249442d313536313634353833302d374e48474e2d42323352382d51595239582d4a5232424c223b6c5f6c766c7c733a363a22313231303936223b, 1566589720),
('ccd961f93b1f46844294de906195195d09ffc18e', '::1', 0x5f5f63695f6c6173745f726567656e65726174657c693a313536363537343137363b6c616e677c733a323a226964223b69645f757365727c733a33373a2249442d313536323334363335322d43354649322d5a464745522d51573857492d4336314f4d223b755f656d61696c7c733a32313a2231343034314063696d626e696167612e636f2e6964223b725f6c766c7c733a313a2234223b755f626c6f636b7c733a313a224e223b755f617070727c733a313a2259223b725f72756c657c733a373a22504152544e4552223b69645f726f6f747c733a33373a2249442d313536313634353833302d374e48474e2d42323352382d51595239582d4a5232424c223b6c5f6c766c7c733a363a22313231303936223b, 1566574176),
('d144246beb051a6ea987f4225eafca30b114c8cb', '::1', 0x5f5f63695f6c6173745f726567656e65726174657c693a313536363536393538333b6c616e677c733a323a226964223b69645f757365727c733a33373a2249442d313536323334363335322d43354649322d5a464745522d51573857492d4336314f4d223b755f656d61696c7c733a32313a2231343034314063696d626e696167612e636f2e6964223b725f6c766c7c733a313a2234223b755f626c6f636b7c733a313a224e223b755f617070727c733a313a2259223b725f72756c657c733a373a22504152544e4552223b69645f726f6f747c733a33373a2249442d313536313634353833302d374e48474e2d42323352382d51595239582d4a5232424c223b6c5f6c766c7c733a363a22313231303936223b, 1566569583),
('d14548fbb1bfd9fd835f3daacddab89efa767273', '::1', 0x5f5f63695f6c6173745f726567656e65726174657c693a313536363538383138303b6c616e677c733a323a226964223b69645f757365727c733a33373a2249442d313536323334363335322d43354649322d5a464745522d51573857492d4336314f4d223b755f656d61696c7c733a32313a2231343034314063696d626e696167612e636f2e6964223b725f6c766c7c733a313a2234223b755f626c6f636b7c733a313a224e223b755f617070727c733a313a2259223b725f72756c657c733a373a22504152544e4552223b69645f726f6f747c733a33373a2249442d313536313634353833302d374e48474e2d42323352382d51595239582d4a5232424c223b6c5f6c766c7c733a363a22313231303936223b, 1566588180),
('d227e42aea826cc4fed894fdea7f08e51546451b', '::1', 0x5f5f63695f6c6173745f726567656e65726174657c693a313536363539343537313b6c616e677c733a323a226964223b69645f757365727c733a33373a2249442d313536323334363335322d43354649322d5a464745522d51573857492d4336314f4d223b755f656d61696c7c733a32313a2231343034314063696d626e696167612e636f2e6964223b725f6c766c7c733a313a2234223b755f626c6f636b7c733a313a224e223b755f617070727c733a313a2259223b725f72756c657c733a373a22504152544e4552223b69645f726f6f747c733a33373a2249442d313536313634353833302d374e48474e2d42323352382d51595239582d4a5232424c223b6c5f6c766c7c733a363a22313231303936223b, 1566594571),
('d255d8e03bf456c443b1915d60fe675593cb1c1f', '::1', 0x5f5f63695f6c6173745f726567656e65726174657c693a313536363536353231313b6c616e677c733a323a226964223b69645f757365727c733a33373a2249442d313536323334363335322d43354649322d5a464745522d51573857492d4336314f4d223b755f656d61696c7c733a32313a2231343034314063696d626e696167612e636f2e6964223b725f6c766c7c733a313a2234223b755f626c6f636b7c733a313a224e223b755f617070727c733a313a2259223b725f72756c657c733a373a22504152544e4552223b69645f726f6f747c733a33373a2249442d313536313634353833302d374e48474e2d42323352382d51595239582d4a5232424c223b6c5f6c766c7c733a363a22313231303936223b, 1566565211),
('d5d3cc85e799c825dcab9188d8271f8bb424fcfd', '::1', 0x5f5f63695f6c6173745f726567656e65726174657c693a313536363538373832393b6c616e677c733a323a226964223b69645f757365727c733a33373a2249442d313536323334363335322d43354649322d5a464745522d51573857492d4336314f4d223b755f656d61696c7c733a32313a2231343034314063696d626e696167612e636f2e6964223b725f6c766c7c733a313a2234223b755f626c6f636b7c733a313a224e223b755f617070727c733a313a2259223b725f72756c657c733a373a22504152544e4552223b69645f726f6f747c733a33373a2249442d313536313634353833302d374e48474e2d42323352382d51595239582d4a5232424c223b6c5f6c766c7c733a363a22313231303936223b, 1566587829),
('dca3bf6dbab87a5156e0eeaa4f3b69a88b2f601a', '::1', 0x5f5f63695f6c6173745f726567656e65726174657c693a313536363537333534343b6c616e677c733a323a226964223b69645f757365727c733a33373a2249442d313536323334363335322d43354649322d5a464745522d51573857492d4336314f4d223b755f656d61696c7c733a32313a2231343034314063696d626e696167612e636f2e6964223b725f6c766c7c733a313a2234223b755f626c6f636b7c733a313a224e223b755f617070727c733a313a2259223b725f72756c657c733a373a22504152544e4552223b69645f726f6f747c733a33373a2249442d313536313634353833302d374e48474e2d42323352382d51595239582d4a5232424c223b6c5f6c766c7c733a363a22313231303936223b, 1566573544),
('e38bd0e23723d68a3155d136a0f3da0f5d17836e', '::1', 0x5f5f63695f6c6173745f726567656e65726174657c693a313536363537303231343b6c616e677c733a323a226964223b69645f757365727c733a33373a2249442d313536323334363335322d43354649322d5a464745522d51573857492d4336314f4d223b755f656d61696c7c733a32313a2231343034314063696d626e696167612e636f2e6964223b725f6c766c7c733a313a2234223b755f626c6f636b7c733a313a224e223b755f617070727c733a313a2259223b725f72756c657c733a373a22504152544e4552223b69645f726f6f747c733a33373a2249442d313536313634353833302d374e48474e2d42323352382d51595239582d4a5232424c223b6c5f6c766c7c733a363a22313231303936223b, 1566570214),
('e89ea87a902de07cedd7b2799773054cd248017f', '::1', 0x5f5f63695f6c6173745f726567656e65726174657c693a313536363739313131343b6c616e677c733a323a226964223b69645f757365727c733a33373a2249442d313536323334363335322d43354649322d5a464745522d51573857492d4336314f4d223b755f656d61696c7c733a32313a2231343034314063696d626e696167612e636f2e6964223b725f6c766c7c733a313a2234223b755f626c6f636b7c733a313a224e223b755f617070727c733a313a2259223b725f72756c657c733a373a22504152544e4552223b69645f726f6f747c733a33373a2249442d313536313634353833302d374e48474e2d42323352382d51595239582d4a5232424c223b6c5f6c766c7c733a363a22313231303936223b, 1566791121),
('f5abeb37443e28697b2212fff21a1713ec2635ad', '::1', 0x5f5f63695f6c6173745f726567656e65726174657c693a313536363538393035363b6c616e677c733a323a226964223b69645f757365727c733a33373a2249442d313536323334363335322d43354649322d5a464745522d51573857492d4336314f4d223b755f656d61696c7c733a32313a2231343034314063696d626e696167612e636f2e6964223b725f6c766c7c733a313a2234223b755f626c6f636b7c733a313a224e223b755f617070727c733a313a2259223b725f72756c657c733a373a22504152544e4552223b69645f726f6f747c733a33373a2249442d313536313634353833302d374e48474e2d42323352382d51595239582d4a5232424c223b6c5f6c766c7c733a363a22313231303936223b, 1566589056),
('f617bd9477f88a66eb1b61abb6ee13addeaced5d', '::1', 0x5f5f63695f6c6173745f726567656e65726174657c693a313536363536383238353b6c616e677c733a323a226964223b69645f757365727c733a33373a2249442d313536323334363335322d43354649322d5a464745522d51573857492d4336314f4d223b755f656d61696c7c733a32313a2231343034314063696d626e696167612e636f2e6964223b725f6c766c7c733a313a2234223b755f626c6f636b7c733a313a224e223b755f617070727c733a313a2259223b725f72756c657c733a373a22504152544e4552223b69645f726f6f747c733a33373a2249442d313536313634353833302d374e48474e2d42323352382d51595239582d4a5232424c223b6c5f6c766c7c733a363a22313231303936223b, 1566568285),
('f70a9be47a97c6104f01a2fe2d34b18088e5b654', '::1', 0x5f5f63695f6c6173745f726567656e65726174657c693a313536363539363039393b6c616e677c733a323a226964223b69645f757365727c733a33373a2249442d313536323334363335322d43354649322d5a464745522d51573857492d4336314f4d223b755f656d61696c7c733a32313a2231343034314063696d626e696167612e636f2e6964223b725f6c766c7c733a313a2234223b755f626c6f636b7c733a313a224e223b755f617070727c733a313a2259223b725f72756c657c733a373a22504152544e4552223b69645f726f6f747c733a33373a2249442d313536313634353833302d374e48474e2d42323352382d51595239582d4a5232424c223b6c5f6c766c7c733a363a22313231303936223b, 1566596099),
('f879f3a9157e2b656a8624f85953097e0b7c02ea', '::1', 0x5f5f63695f6c6173745f726567656e65726174657c693a313536363539323338343b6c616e677c733a323a226964223b69645f757365727c733a33373a2249442d313536323334363335322d43354649322d5a464745522d51573857492d4336314f4d223b755f656d61696c7c733a32313a2231343034314063696d626e696167612e636f2e6964223b725f6c766c7c733a313a2234223b755f626c6f636b7c733a313a224e223b755f617070727c733a313a2259223b725f72756c657c733a373a22504152544e4552223b69645f726f6f747c733a33373a2249442d313536313634353833302d374e48474e2d42323352382d51595239582d4a5232424c223b6c5f6c766c7c733a363a22313231303936223b, 1566592384);

-- --------------------------------------------------------

--
-- Table structure for table `daftar_file`
--

CREATE TABLE `daftar_file` (
  `nomor_file` int(11) NOT NULL,
  `alamat` varchar(100) NOT NULL
) ENGINE=InnoDB DEFAULT CHARSET=latin1;

-- --------------------------------------------------------

--
-- Table structure for table `t_apply`
--

CREATE TABLE `t_apply` (
  `id_apply` varchar(50) NOT NULL,
  `id_job` varchar(50) NOT NULL,
  `id_file` varchar(50) NOT NULL,
  `r_lvl` tinyint(4) NOT NULL,
  `state_1` enum('Y','N','Q','S') NOT NULL DEFAULT 'N',
  `state_2` enum('Y','N','Q','S') NOT NULL DEFAULT 'N',
  `state_f` enum('N','Y') NOT NULL DEFAULT 'Y',
  `timestamp_a` timestamp NOT NULL DEFAULT CURRENT_TIMESTAMP
) ENGINE=InnoDB DEFAULT CHARSET=latin1;

--
-- Dumping data for table `t_apply`
--

INSERT INTO `t_apply` (`id_apply`, `id_job`, `id_file`, `r_lvl`, `state_1`, `state_2`, `state_f`, `timestamp_a`) VALUES
('APPLY-1562594483-XVUED-VDS5G-877F9-K0MNO', 'JOB-1562347031-9B7MX-3PUZ1-DXACK-LCS0A', 'ID-1561733215-TB7EL-JY9AL-JXF9M-8JFSE', 3, 'S', 'Q', 'Y', '2019-07-08 14:03:52'),
('APPLY-1562645266-FWNU3-P7IEV-PFBRH-XYKA2', 'JOB-1562347031-9B7MX-3PUZ1-DXACK-LCS0A', 'ID-1561733283-6S8CW-SG0AY-8YR2P-T935Z', 3, 'Q', 'S', 'Y', '2019-07-09 04:07:46'),
('APPLY-1563743840-KVVGF-QO4IV-M31BX-ESLR5', 'JOB-1562610872-2B1RM-NJ8XQ-U6KZX-EIUCJ', 'ID-1561733215-TB7EL-JY9AL-JXF9M-8JFSE', 3, 'Y', 'N', 'Y', '2019-07-21 21:17:20'),
('APPLY-1564387886-EB5T7-VUO7A-H6357-24TW9', 'JOB-1562610920-NKAJ2-N1XJQ-T09LE-G4KKP', 'ID-1561733215-TB7EL-JY9AL-JXF9M-8JFSE', 3, 'Y', 'N', 'Y', '2019-07-29 08:11:26'),
('APPLY-1564428023-VNU62-P6PLC-XFT08-7K43H', 'JOB-1562347031-9B7MX-3PUZ1-DXACK-LCS0A', 'ID-1564426308-NYCC5-3RJ1T-0KI92-64ISC', 3, 'Y', 'N', 'Y', '2019-07-29 19:20:23'),
('APPLY-1564428488-B8OIZ-VFNCQ-687F6-8Y8V6', 'JOB-1562347031-9B7MX-3PUZ1-DXACK-LCS0A', 'ID-1564426285-H5IMD-MF1GM-GXR50-OZSMO', 5, 'S', 'Q', 'Y', '2019-07-29 19:28:08'),
('APPLY-1564451743-5IGBV-CNJ7I-RTCNI-UMDQG', 'JOB-1564430049-J4FXQ-XB51E-Z3S7W-Q6NMG', 'ID-1561733283-6S8CW-SG0AY-8YR2P-T935Z', 3, 'N', 'N', 'Y', '2019-07-30 01:55:43'),
('APPLY-1564693603-M1I5I-Y5B0R-KW1UE-49HT5', 'JOB-1562347031-9B7MX-3PUZ1-DXACK-LCS0A', 'ID-1564693567-F0YJJ-SHDUM-OAUMI-N3I8J', 5, 'Q', 'Q', 'Y', '2019-08-01 21:06:43'),
('APPLY-1564697322-KXN7C-RSVYU-YJX0O-W4Q2T', 'JOB-1562347031-9B7MX-3PUZ1-DXACK-LCS0A', 'ID-1564697271-J37DJ-YZDVG-JJNL4-G93MY', 5, 'Q', 'Q', 'Y', '2019-08-01 22:08:42'),
('APPLY-1564699439-QU0I8-NSXP9-08I8E-KV6N6', 'JOB-1562347031-9B7MX-3PUZ1-DXACK-LCS0A', 'ID-1564699341-OOUXY-2AQW0-EG0K6-U1XPL', 5, 'Q', 'Q', 'Y', '2019-08-01 22:43:59'),
('APPLY-1566374463-JAHJY-ABQZD-LJF99-KQUBD', 'JOB-1562347031-9B7MX-3PUZ1-DXACK-LCS0A', 'ID-1566370836-UG3BJ-P15NQ-NRG6R-SNWLS', 3, 'Q', 'Q', 'Y', '2019-08-21 08:01:03'),
('APPLY-1566587926-LR3P2-UIPVO-1HNKB-XSLUG', 'JOB-1564689706-2JKVC-E81QJ-Z8ZHV-BEQYR', 'ID-1564693567-F0YJJ-SHDUM-OAUMI-N3I8J', 5, 'S', 'S', 'Y', '2019-08-23 19:18:46');

-- --------------------------------------------------------

--
-- Table structure for table `t_country`
--

CREATE TABLE `t_country` (
  `c_id` int(11) NOT NULL,
  `c_iso` char(2) NOT NULL,
  `c_name` varchar(80) NOT NULL,
  `c_nicename` varchar(80) NOT NULL,
  `c_iso3` char(3) DEFAULT NULL,
  `c_numcode` smallint(6) DEFAULT NULL,
  `c_phonecode` int(5) NOT NULL,
  `timestamp` timestamp NOT NULL DEFAULT CURRENT_TIMESTAMP ON UPDATE CURRENT_TIMESTAMP
) ENGINE=InnoDB DEFAULT CHARSET=latin1;

--
-- Dumping data for table `t_country`
--

INSERT INTO `t_country` (`c_id`, `c_iso`, `c_name`, `c_nicename`, `c_iso3`, `c_numcode`, `c_phonecode`, `timestamp`) VALUES
(1, 'AF', 'AFGHANISTAN', 'Afghanistan', 'AFG', 4, 93, '2019-06-19 21:27:18'),
(2, 'AL', 'ALBANIA', 'Albania', 'ALB', 8, 355, '2019-06-19 21:27:18'),
(3, 'DZ', 'ALGERIA', 'Algeria', 'DZA', 12, 213, '2019-06-19 21:27:18'),
(4, 'AS', 'AMERICAN SAMOA', 'American Samoa', 'ASM', 16, 1684, '2019-06-19 21:27:18'),
(5, 'AD', 'ANDORRA', 'Andorra', 'AND', 20, 376, '2019-06-19 21:27:18'),
(6, 'AO', 'ANGOLA', 'Angola', 'AGO', 24, 244, '2019-06-19 21:27:18'),
(7, 'AI', 'ANGUILLA', 'Anguilla', 'AIA', 660, 1264, '2019-06-19 21:27:18'),
(8, 'AQ', 'ANTARCTICA', 'Antarctica', NULL, NULL, 0, '2019-06-19 21:27:18'),
(9, 'AG', 'ANTIGUA AND BARBUDA', 'Antigua and Barbuda', 'ATG', 28, 1268, '2019-06-19 21:27:18'),
(10, 'AR', 'ARGENTINA', 'Argentina', 'ARG', 32, 54, '2019-06-19 21:27:18'),
(11, 'AM', 'ARMENIA', 'Armenia', 'ARM', 51, 374, '2019-06-19 21:27:18'),
(12, 'AW', 'ARUBA', 'Aruba', 'ABW', 533, 297, '2019-06-19 21:27:18'),
(13, 'AU', 'AUSTRALIA', 'Australia', 'AUS', 36, 61, '2019-06-19 21:27:18'),
(14, 'AT', 'AUSTRIA', 'Austria', 'AUT', 40, 43, '2019-06-19 21:27:18'),
(15, 'AZ', 'AZERBAIJAN', 'Azerbaijan', 'AZE', 31, 994, '2019-06-19 21:27:18'),
(16, 'BS', 'BAHAMAS', 'Bahamas', 'BHS', 44, 1242, '2019-06-19 21:27:18'),
(17, 'BH', 'BAHRAIN', 'Bahrain', 'BHR', 48, 973, '2019-06-19 21:27:18'),
(18, 'BD', 'BANGLADESH', 'Bangladesh', 'BGD', 50, 880, '2019-06-19 21:27:18'),
(19, 'BB', 'BARBADOS', 'Barbados', 'BRB', 52, 1246, '2019-06-19 21:27:18'),
(20, 'BY', 'BELARUS', 'Belarus', 'BLR', 112, 375, '2019-06-19 21:27:18'),
(21, 'BE', 'BELGIUM', 'Belgium', 'BEL', 56, 32, '2019-06-19 21:27:18'),
(22, 'BZ', 'BELIZE', 'Belize', 'BLZ', 84, 501, '2019-06-19 21:27:18'),
(23, 'BJ', 'BENIN', 'Benin', 'BEN', 204, 229, '2019-06-19 21:27:18'),
(24, 'BM', 'BERMUDA', 'Bermuda', 'BMU', 60, 1441, '2019-06-19 21:27:18'),
(25, 'BT', 'BHUTAN', 'Bhutan', 'BTN', 64, 975, '2019-06-19 21:27:18'),
(26, 'BO', 'BOLIVIA', 'Bolivia', 'BOL', 68, 591, '2019-06-19 21:27:18'),
(27, 'BA', 'BOSNIA AND HERZEGOVINA', 'Bosnia and Herzegovina', 'BIH', 70, 387, '2019-06-19 21:27:18'),
(28, 'BW', 'BOTSWANA', 'Botswana', 'BWA', 72, 267, '2019-06-19 21:27:18'),
(29, 'BV', 'BOUVET ISLAND', 'Bouvet Island', NULL, NULL, 0, '2019-06-19 21:27:18'),
(30, 'BR', 'BRAZIL', 'Brazil', 'BRA', 76, 55, '2019-06-19 21:27:18'),
(31, 'IO', 'BRITISH INDIAN OCEAN TERRITORY', 'British Indian Ocean Territory', NULL, NULL, 246, '2019-06-19 21:27:18'),
(32, 'BN', 'BRUNEI DARUSSALAM', 'Brunei Darussalam', 'BRN', 96, 673, '2019-06-19 21:27:18'),
(33, 'BG', 'BULGARIA', 'Bulgaria', 'BGR', 100, 359, '2019-06-19 21:27:18'),
(34, 'BF', 'BURKINA FASO', 'Burkina Faso', 'BFA', 854, 226, '2019-06-19 21:27:18'),
(35, 'BI', 'BURUNDI', 'Burundi', 'BDI', 108, 257, '2019-06-19 21:27:18'),
(36, 'KH', 'CAMBODIA', 'Cambodia', 'KHM', 116, 855, '2019-06-19 21:27:18'),
(37, 'CM', 'CAMEROON', 'Cameroon', 'CMR', 120, 237, '2019-06-19 21:27:18'),
(38, 'CA', 'CANADA', 'Canada', 'CAN', 124, 1, '2019-06-19 21:27:18'),
(39, 'CV', 'CAPE VERDE', 'Cape Verde', 'CPV', 132, 238, '2019-06-19 21:27:18'),
(40, 'KY', 'CAYMAN ISLANDS', 'Cayman Islands', 'CYM', 136, 1345, '2019-06-19 21:27:18'),
(41, 'CF', 'CENTRAL AFRICAN REPUBLIC', 'Central African Republic', 'CAF', 140, 236, '2019-06-19 21:27:18'),
(42, 'TD', 'CHAD', 'Chad', 'TCD', 148, 235, '2019-06-19 21:27:18'),
(43, 'CL', 'CHILE', 'Chile', 'CHL', 152, 56, '2019-06-19 21:27:18'),
(44, 'CN', 'CHINA', 'China', 'CHN', 156, 86, '2019-06-19 21:27:18'),
(45, 'CX', 'CHRISTMAS ISLAND', 'Christmas Island', NULL, NULL, 61, '2019-06-19 21:27:18'),
(46, 'CC', 'COCOS (KEELING) ISLANDS', 'Cocos (Keeling) Islands', NULL, NULL, 672, '2019-06-19 21:27:18'),
(47, 'CO', 'COLOMBIA', 'Colombia', 'COL', 170, 57, '2019-06-19 21:27:18'),
(48, 'KM', 'COMOROS', 'Comoros', 'COM', 174, 269, '2019-06-19 21:27:18'),
(49, 'CG', 'CONGO', 'Congo', 'COG', 178, 242, '2019-06-19 21:27:18'),
(50, 'CD', 'CONGO, THE DEMOCRATIC REPUBLIC OF THE', 'Congo, the Democratic Republic of the', 'COD', 180, 242, '2019-06-19 21:27:18'),
(51, 'CK', 'COOK ISLANDS', 'Cook Islands', 'COK', 184, 682, '2019-06-19 21:27:18'),
(52, 'CR', 'COSTA RICA', 'Costa Rica', 'CRI', 188, 506, '2019-06-19 21:27:18'),
(53, 'CI', 'COTE D\'IVOIRE', 'Cote D\'Ivoire', 'CIV', 384, 225, '2019-06-19 21:27:18'),
(54, 'HR', 'CROATIA', 'Croatia', 'HRV', 191, 385, '2019-06-19 21:27:18'),
(55, 'CU', 'CUBA', 'Cuba', 'CUB', 192, 53, '2019-06-19 21:27:18'),
(56, 'CY', 'CYPRUS', 'Cyprus', 'CYP', 196, 357, '2019-06-19 21:27:18'),
(57, 'CZ', 'CZECH REPUBLIC', 'Czech Republic', 'CZE', 203, 420, '2019-06-19 21:27:18'),
(58, 'DK', 'DENMARK', 'Denmark', 'DNK', 208, 45, '2019-06-19 21:27:18'),
(59, 'DJ', 'DJIBOUTI', 'Djibouti', 'DJI', 262, 253, '2019-06-19 21:27:18'),
(60, 'DM', 'DOMINICA', 'Dominica', 'DMA', 212, 1767, '2019-06-19 21:27:18'),
(61, 'DO', 'DOMINICAN REPUBLIC', 'Dominican Republic', 'DOM', 214, 1809, '2019-06-19 21:27:18'),
(62, 'EC', 'ECUADOR', 'Ecuador', 'ECU', 218, 593, '2019-06-19 21:27:18'),
(63, 'EG', 'EGYPT', 'Egypt', 'EGY', 818, 20, '2019-06-19 21:27:18'),
(64, 'SV', 'EL SALVADOR', 'El Salvador', 'SLV', 222, 503, '2019-06-19 21:27:18'),
(65, 'GQ', 'EQUATORIAL GUINEA', 'Equatorial Guinea', 'GNQ', 226, 240, '2019-06-19 21:27:18'),
(66, 'ER', 'ERITREA', 'Eritrea', 'ERI', 232, 291, '2019-06-19 21:27:18'),
(67, 'EE', 'ESTONIA', 'Estonia', 'EST', 233, 372, '2019-06-19 21:27:18'),
(68, 'ET', 'ETHIOPIA', 'Ethiopia', 'ETH', 231, 251, '2019-06-19 21:27:18'),
(69, 'FK', 'FALKLAND ISLANDS (MALVINAS)', 'Falkland Islands (Malvinas)', 'FLK', 238, 500, '2019-06-19 21:27:18'),
(70, 'FO', 'FAROE ISLANDS', 'Faroe Islands', 'FRO', 234, 298, '2019-06-19 21:27:18'),
(71, 'FJ', 'FIJI', 'Fiji', 'FJI', 242, 679, '2019-06-19 21:27:18'),
(72, 'FI', 'FINLAND', 'Finland', 'FIN', 246, 358, '2019-06-19 21:27:18'),
(73, 'FR', 'FRANCE', 'France', 'FRA', 250, 33, '2019-06-19 21:27:18'),
(74, 'GF', 'FRENCH GUIANA', 'French Guiana', 'GUF', 254, 594, '2019-06-19 21:27:18'),
(75, 'PF', 'FRENCH POLYNESIA', 'French Polynesia', 'PYF', 258, 689, '2019-06-19 21:27:18'),
(76, 'TF', 'FRENCH SOUTHERN TERRITORIES', 'French Southern Territories', NULL, NULL, 0, '2019-06-19 21:27:18'),
(77, 'GA', 'GABON', 'Gabon', 'GAB', 266, 241, '2019-06-19 21:27:18'),
(78, 'GM', 'GAMBIA', 'Gambia', 'GMB', 270, 220, '2019-06-19 21:27:18'),
(79, 'GE', 'GEORGIA', 'Georgia', 'GEO', 268, 995, '2019-06-19 21:27:18'),
(80, 'DE', 'GERMANY', 'Germany', 'DEU', 276, 49, '2019-06-19 21:27:18'),
(81, 'GH', 'GHANA', 'Ghana', 'GHA', 288, 233, '2019-06-19 21:27:18'),
(82, 'GI', 'GIBRALTAR', 'Gibraltar', 'GIB', 292, 350, '2019-06-19 21:27:18'),
(83, 'GR', 'GREECE', 'Greece', 'GRC', 300, 30, '2019-06-19 21:27:18'),
(84, 'GL', 'GREENLAND', 'Greenland', 'GRL', 304, 299, '2019-06-19 21:27:18'),
(85, 'GD', 'GRENADA', 'Grenada', 'GRD', 308, 1473, '2019-06-19 21:27:18'),
(86, 'GP', 'GUADELOUPE', 'Guadeloupe', 'GLP', 312, 590, '2019-06-19 21:27:18'),
(87, 'GU', 'GUAM', 'Guam', 'GUM', 316, 1671, '2019-06-19 21:27:18'),
(88, 'GT', 'GUATEMALA', 'Guatemala', 'GTM', 320, 502, '2019-06-19 21:27:18'),
(89, 'GN', 'GUINEA', 'Guinea', 'GIN', 324, 224, '2019-06-19 21:27:18'),
(90, 'GW', 'GUINEA-BISSAU', 'Guinea-Bissau', 'GNB', 624, 245, '2019-06-19 21:27:18'),
(91, 'GY', 'GUYANA', 'Guyana', 'GUY', 328, 592, '2019-06-19 21:27:18'),
(92, 'HT', 'HAITI', 'Haiti', 'HTI', 332, 509, '2019-06-19 21:27:18'),
(93, 'HM', 'HEARD ISLAND AND MCDONALD ISLANDS', 'Heard Island and Mcdonald Islands', NULL, NULL, 0, '2019-06-19 21:27:18'),
(94, 'VA', 'HOLY SEE (VATICAN CITY STATE)', 'Holy See (Vatican City State)', 'VAT', 336, 39, '2019-06-19 21:27:18'),
(95, 'HN', 'HONDURAS', 'Honduras', 'HND', 340, 504, '2019-06-19 21:27:18'),
(96, 'HK', 'HONG KONG', 'Hong Kong', 'HKG', 344, 852, '2019-06-19 21:27:18'),
(97, 'HU', 'HUNGARY', 'Hungary', 'HUN', 348, 36, '2019-06-19 21:27:18'),
(98, 'IS', 'ICELAND', 'Iceland', 'ISL', 352, 354, '2019-06-19 21:27:18'),
(99, 'IN', 'INDIA', 'India', 'IND', 356, 91, '2019-06-19 21:27:18'),
(100, 'ID', 'INDONESIA', 'Indonesia', 'IDN', 360, 62, '2019-06-19 21:27:18'),
(101, 'IR', 'IRAN, ISLAMIC REPUBLIC OF', 'Iran, Islamic Republic of', 'IRN', 364, 98, '2019-06-19 21:27:18'),
(102, 'IQ', 'IRAQ', 'Iraq', 'IRQ', 368, 964, '2019-06-19 21:27:18'),
(103, 'IE', 'IRELAND', 'Ireland', 'IRL', 372, 353, '2019-06-19 21:27:18'),
(104, 'IL', 'ISRAEL', 'Israel', 'ISR', 376, 972, '2019-06-19 21:27:18'),
(105, 'IT', 'ITALY', 'Italy', 'ITA', 380, 39, '2019-06-19 21:27:18'),
(106, 'JM', 'JAMAICA', 'Jamaica', 'JAM', 388, 1876, '2019-06-19 21:27:18'),
(107, 'JP', 'JAPAN', 'Japan', 'JPN', 392, 81, '2019-06-19 21:27:18'),
(108, 'JO', 'JORDAN', 'Jordan', 'JOR', 400, 962, '2019-06-19 21:27:18'),
(109, 'KZ', 'KAZAKHSTAN', 'Kazakhstan', 'KAZ', 398, 7, '2019-06-19 21:27:18'),
(110, 'KE', 'KENYA', 'Kenya', 'KEN', 404, 254, '2019-06-19 21:27:18'),
(111, 'KI', 'KIRIBATI', 'Kiribati', 'KIR', 296, 686, '2019-06-19 21:27:18'),
(112, 'KP', 'KOREA, DEMOCRATIC PEOPLE\'S REPUBLIC OF', 'Korea, Democratic People\'s Republic of', 'PRK', 408, 850, '2019-06-19 21:27:18'),
(113, 'KR', 'KOREA, REPUBLIC OF', 'Korea, Republic of', 'KOR', 410, 82, '2019-06-19 21:27:18'),
(114, 'KW', 'KUWAIT', 'Kuwait', 'KWT', 414, 965, '2019-06-19 21:27:18'),
(115, 'KG', 'KYRGYZSTAN', 'Kyrgyzstan', 'KGZ', 417, 996, '2019-06-19 21:27:18'),
(116, 'LA', 'LAO PEOPLE\'S DEMOCRATIC REPUBLIC', 'Lao People\'s Democratic Republic', 'LAO', 418, 856, '2019-06-19 21:27:18'),
(117, 'LV', 'LATVIA', 'Latvia', 'LVA', 428, 371, '2019-06-19 21:27:18'),
(118, 'LB', 'LEBANON', 'Lebanon', 'LBN', 422, 961, '2019-06-19 21:27:18'),
(119, 'LS', 'LESOTHO', 'Lesotho', 'LSO', 426, 266, '2019-06-19 21:27:18'),
(120, 'LR', 'LIBERIA', 'Liberia', 'LBR', 430, 231, '2019-06-19 21:27:18'),
(121, 'LY', 'LIBYAN ARAB JAMAHIRIYA', 'Libyan Arab Jamahiriya', 'LBY', 434, 218, '2019-06-19 21:27:18'),
(122, 'LI', 'LIECHTENSTEIN', 'Liechtenstein', 'LIE', 438, 423, '2019-06-19 21:27:18'),
(123, 'LT', 'LITHUANIA', 'Lithuania', 'LTU', 440, 370, '2019-06-19 21:27:18'),
(124, 'LU', 'LUXEMBOURG', 'Luxembourg', 'LUX', 442, 352, '2019-06-19 21:27:18'),
(125, 'MO', 'MACAO', 'Macao', 'MAC', 446, 853, '2019-06-19 21:27:18'),
(126, 'MK', 'MACEDONIA, THE FORMER YUGOSLAV REPUBLIC OF', 'Macedonia, the Former Yugoslav Republic of', 'MKD', 807, 389, '2019-06-19 21:27:18'),
(127, 'MG', 'MADAGASCAR', 'Madagascar', 'MDG', 450, 261, '2019-06-19 21:27:18'),
(128, 'MW', 'MALAWI', 'Malawi', 'MWI', 454, 265, '2019-06-19 21:27:18'),
(129, 'MY', 'MALAYSIA', 'Malaysia', 'MYS', 458, 60, '2019-06-19 21:27:18'),
(130, 'MV', 'MALDIVES', 'Maldives', 'MDV', 462, 960, '2019-06-19 21:27:18'),
(131, 'ML', 'MALI', 'Mali', 'MLI', 466, 223, '2019-06-19 21:27:18'),
(132, 'MT', 'MALTA', 'Malta', 'MLT', 470, 356, '2019-06-19 21:27:18'),
(133, 'MH', 'MARSHALL ISLANDS', 'Marshall Islands', 'MHL', 584, 692, '2019-06-19 21:27:18'),
(134, 'MQ', 'MARTINIQUE', 'Martinique', 'MTQ', 474, 596, '2019-06-19 21:27:18'),
(135, 'MR', 'MAURITANIA', 'Mauritania', 'MRT', 478, 222, '2019-06-19 21:27:18'),
(136, 'MU', 'MAURITIUS', 'Mauritius', 'MUS', 480, 230, '2019-06-19 21:27:18'),
(137, 'YT', 'MAYOTTE', 'Mayotte', NULL, NULL, 269, '2019-06-19 21:27:18'),
(138, 'MX', 'MEXICO', 'Mexico', 'MEX', 484, 52, '2019-06-19 21:27:18'),
(139, 'FM', 'MICRONESIA, FEDERATED STATES OF', 'Micronesia, Federated States of', 'FSM', 583, 691, '2019-06-19 21:27:18'),
(140, 'MD', 'MOLDOVA, REPUBLIC OF', 'Moldova, Republic of', 'MDA', 498, 373, '2019-06-19 21:27:18'),
(141, 'MC', 'MONACO', 'Monaco', 'MCO', 492, 377, '2019-06-19 21:27:18'),
(142, 'MN', 'MONGOLIA', 'Mongolia', 'MNG', 496, 976, '2019-06-19 21:27:18'),
(143, 'MS', 'MONTSERRAT', 'Montserrat', 'MSR', 500, 1664, '2019-06-19 21:27:18'),
(144, 'MA', 'MOROCCO', 'Morocco', 'MAR', 504, 212, '2019-06-19 21:27:18'),
(145, 'MZ', 'MOZAMBIQUE', 'Mozambique', 'MOZ', 508, 258, '2019-06-19 21:27:18'),
(146, 'MM', 'MYANMAR', 'Myanmar', 'MMR', 104, 95, '2019-06-19 21:27:18'),
(147, 'NA', 'NAMIBIA', 'Namibia', 'NAM', 516, 264, '2019-06-19 21:27:18'),
(148, 'NR', 'NAURU', 'Nauru', 'NRU', 520, 674, '2019-06-19 21:27:18'),
(149, 'NP', 'NEPAL', 'Nepal', 'NPL', 524, 977, '2019-06-19 21:27:18'),
(150, 'NL', 'NETHERLANDS', 'Netherlands', 'NLD', 528, 31, '2019-06-19 21:27:18'),
(151, 'AN', 'NETHERLANDS ANTILLES', 'Netherlands Antilles', 'ANT', 530, 599, '2019-06-19 21:27:18'),
(152, 'NC', 'NEW CALEDONIA', 'New Caledonia', 'NCL', 540, 687, '2019-06-19 21:27:18'),
(153, 'NZ', 'NEW ZEALAND', 'New Zealand', 'NZL', 554, 64, '2019-06-19 21:27:18'),
(154, 'NI', 'NICARAGUA', 'Nicaragua', 'NIC', 558, 505, '2019-06-19 21:27:18'),
(155, 'NE', 'NIGER', 'Niger', 'NER', 562, 227, '2019-06-19 21:27:18'),
(156, 'NG', 'NIGERIA', 'Nigeria', 'NGA', 566, 234, '2019-06-19 21:27:18'),
(157, 'NU', 'NIUE', 'Niue', 'NIU', 570, 683, '2019-06-19 21:27:18'),
(158, 'NF', 'NORFOLK ISLAND', 'Norfolk Island', 'NFK', 574, 672, '2019-06-19 21:27:18'),
(159, 'MP', 'NORTHERN MARIANA ISLANDS', 'Northern Mariana Islands', 'MNP', 580, 1670, '2019-06-19 21:27:18'),
(160, 'NO', 'NORWAY', 'Norway', 'NOR', 578, 47, '2019-06-19 21:27:18'),
(161, 'OM', 'OMAN', 'Oman', 'OMN', 512, 968, '2019-06-19 21:27:18'),
(162, 'PK', 'PAKISTAN', 'Pakistan', 'PAK', 586, 92, '2019-06-19 21:27:18'),
(163, 'PW', 'PALAU', 'Palau', 'PLW', 585, 680, '2019-06-19 21:27:18'),
(164, 'PS', 'PALESTINIAN TERRITORY, OCCUPIED', 'Palestinian Territory, Occupied', NULL, NULL, 970, '2019-06-19 21:27:18'),
(165, 'PA', 'PANAMA', 'Panama', 'PAN', 591, 507, '2019-06-19 21:27:18'),
(166, 'PG', 'PAPUA NEW GUINEA', 'Papua New Guinea', 'PNG', 598, 675, '2019-06-19 21:27:18'),
(167, 'PY', 'PARAGUAY', 'Paraguay', 'PRY', 600, 595, '2019-06-19 21:27:18'),
(168, 'PE', 'PERU', 'Peru', 'PER', 604, 51, '2019-06-19 21:27:18'),
(169, 'PH', 'PHILIPPINES', 'Philippines', 'PHL', 608, 63, '2019-06-19 21:27:18'),
(170, 'PN', 'PITCAIRN', 'Pitcairn', 'PCN', 612, 0, '2019-06-19 21:27:18'),
(171, 'PL', 'POLAND', 'Poland', 'POL', 616, 48, '2019-06-19 21:27:18'),
(172, 'PT', 'PORTUGAL', 'Portugal', 'PRT', 620, 351, '2019-06-19 21:27:18'),
(173, 'PR', 'PUERTO RICO', 'Puerto Rico', 'PRI', 630, 1787, '2019-06-19 21:27:18'),
(174, 'QA', 'QATAR', 'Qatar', 'QAT', 634, 974, '2019-06-19 21:27:18'),
(175, 'RE', 'REUNION', 'Reunion', 'REU', 638, 262, '2019-06-19 21:27:18'),
(176, 'RO', 'ROMANIA', 'Romania', 'ROM', 642, 40, '2019-06-19 21:27:18'),
(177, 'RU', 'RUSSIAN FEDERATION', 'Russian Federation', 'RUS', 643, 70, '2019-06-19 21:27:18'),
(178, 'RW', 'RWANDA', 'Rwanda', 'RWA', 646, 250, '2019-06-19 21:27:18'),
(179, 'SH', 'SAINT HELENA', 'Saint Helena', 'SHN', 654, 290, '2019-06-19 21:27:18'),
(180, 'KN', 'SAINT KITTS AND NEVIS', 'Saint Kitts and Nevis', 'KNA', 659, 1869, '2019-06-19 21:27:18'),
(181, 'LC', 'SAINT LUCIA', 'Saint Lucia', 'LCA', 662, 1758, '2019-06-19 21:27:18'),
(182, 'PM', 'SAINT PIERRE AND MIQUELON', 'Saint Pierre and Miquelon', 'SPM', 666, 508, '2019-06-19 21:27:18'),
(183, 'VC', 'SAINT VINCENT AND THE GRENADINES', 'Saint Vincent and the Grenadines', 'VCT', 670, 1784, '2019-06-19 21:27:18'),
(184, 'WS', 'SAMOA', 'Samoa', 'WSM', 882, 684, '2019-06-19 21:27:18'),
(185, 'SM', 'SAN MARINO', 'San Marino', 'SMR', 674, 378, '2019-06-19 21:27:18'),
(186, 'ST', 'SAO TOME AND PRINCIPE', 'Sao Tome and Principe', 'STP', 678, 239, '2019-06-19 21:27:18'),
(187, 'SA', 'SAUDI ARABIA', 'Saudi Arabia', 'SAU', 682, 966, '2019-06-19 21:27:18'),
(188, 'SN', 'SENEGAL', 'Senegal', 'SEN', 686, 221, '2019-06-19 21:27:18'),
(189, 'CS', 'SERBIA AND MONTENEGRO', 'Serbia and Montenegro', NULL, NULL, 381, '2019-06-19 21:27:18'),
(190, 'SC', 'SEYCHELLES', 'Seychelles', 'SYC', 690, 248, '2019-06-19 21:27:18'),
(191, 'SL', 'SIERRA LEONE', 'Sierra Leone', 'SLE', 694, 232, '2019-06-19 21:27:18'),
(192, 'SG', 'SINGAPORE', 'Singapore', 'SGP', 702, 65, '2019-06-19 21:27:18'),
(193, 'SK', 'SLOVAKIA', 'Slovakia', 'SVK', 703, 421, '2019-06-19 21:27:18'),
(194, 'SI', 'SLOVENIA', 'Slovenia', 'SVN', 705, 386, '2019-06-19 21:27:18'),
(195, 'SB', 'SOLOMON ISLANDS', 'Solomon Islands', 'SLB', 90, 677, '2019-06-19 21:27:18'),
(196, 'SO', 'SOMALIA', 'Somalia', 'SOM', 706, 252, '2019-06-19 21:27:18'),
(197, 'ZA', 'SOUTH AFRICA', 'South Africa', 'ZAF', 710, 27, '2019-06-19 21:27:18'),
(198, 'GS', 'SOUTH GEORGIA AND THE SOUTH SANDWICH ISLANDS', 'South Georgia and the South Sandwich Islands', NULL, NULL, 0, '2019-06-19 21:27:18'),
(199, 'ES', 'SPAIN', 'Spain', 'ESP', 724, 34, '2019-06-19 21:27:18'),
(200, 'LK', 'SRI LANKA', 'Sri Lanka', 'LKA', 144, 94, '2019-06-19 21:27:18'),
(201, 'SD', 'SUDAN', 'Sudan', 'SDN', 736, 249, '2019-06-19 21:27:18'),
(202, 'SR', 'SURINAME', 'Suriname', 'SUR', 740, 597, '2019-06-19 21:27:18'),
(203, 'SJ', 'SVALBARD AND JAN MAYEN', 'Svalbard and Jan Mayen', 'SJM', 744, 47, '2019-06-19 21:27:18'),
(204, 'SZ', 'SWAZILAND', 'Swaziland', 'SWZ', 748, 268, '2019-06-19 21:27:18'),
(205, 'SE', 'SWEDEN', 'Sweden', 'SWE', 752, 46, '2019-06-19 21:27:18'),
(206, 'CH', 'SWITZERLAND', 'Switzerland', 'CHE', 756, 41, '2019-06-19 21:27:18'),
(207, 'SY', 'SYRIAN ARAB REPUBLIC', 'Syrian Arab Republic', 'SYR', 760, 963, '2019-06-19 21:27:18'),
(208, 'TW', 'TAIWAN, PROVINCE OF CHINA', 'Taiwan, Province of China', 'TWN', 158, 886, '2019-06-19 21:27:18'),
(209, 'TJ', 'TAJIKISTAN', 'Tajikistan', 'TJK', 762, 992, '2019-06-19 21:27:18'),
(210, 'TZ', 'TANZANIA, UNITED REPUBLIC OF', 'Tanzania, United Republic of', 'TZA', 834, 255, '2019-06-19 21:27:18'),
(211, 'TH', 'THAILAND', 'Thailand', 'THA', 764, 66, '2019-06-19 21:27:18'),
(212, 'TL', 'TIMOR-LESTE', 'Timor-Leste', NULL, NULL, 670, '2019-06-19 21:27:18'),
(213, 'TG', 'TOGO', 'Togo', 'TGO', 768, 228, '2019-06-19 21:27:18'),
(214, 'TK', 'TOKELAU', 'Tokelau', 'TKL', 772, 690, '2019-06-19 21:27:18'),
(215, 'TO', 'TONGA', 'Tonga', 'TON', 776, 676, '2019-06-19 21:27:18'),
(216, 'TT', 'TRINIDAD AND TOBAGO', 'Trinidad and Tobago', 'TTO', 780, 1868, '2019-06-19 21:27:18'),
(217, 'TN', 'TUNISIA', 'Tunisia', 'TUN', 788, 216, '2019-06-19 21:27:18'),
(218, 'TR', 'TURKEY', 'Turkey', 'TUR', 792, 90, '2019-06-19 21:27:18'),
(219, 'TM', 'TURKMENISTAN', 'Turkmenistan', 'TKM', 795, 7370, '2019-06-19 21:27:18'),
(220, 'TC', 'TURKS AND CAICOS ISLANDS', 'Turks and Caicos Islands', 'TCA', 796, 1649, '2019-06-19 21:27:18'),
(221, 'TV', 'TUVALU', 'Tuvalu', 'TUV', 798, 688, '2019-06-19 21:27:18'),
(222, 'UG', 'UGANDA', 'Uganda', 'UGA', 800, 256, '2019-06-19 21:27:18'),
(223, 'UA', 'UKRAINE', 'Ukraine', 'UKR', 804, 380, '2019-06-19 21:27:18'),
(224, 'AE', 'UNITED ARAB EMIRATES', 'United Arab Emirates', 'ARE', 784, 971, '2019-06-19 21:27:18'),
(225, 'GB', 'UNITED KINGDOM', 'United Kingdom', 'GBR', 826, 44, '2019-06-19 21:27:18'),
(226, 'US', 'UNITED STATES', 'United States', 'USA', 840, 1, '2019-06-19 21:27:18'),
(227, 'UM', 'UNITED STATES MINOR OUTLYING ISLANDS', 'United States Minor Outlying Islands', NULL, NULL, 1, '2019-06-19 21:27:18'),
(228, 'UY', 'URUGUAY', 'Uruguay', 'URY', 858, 598, '2019-06-19 21:27:18'),
(229, 'UZ', 'UZBEKISTAN', 'Uzbekistan', 'UZB', 860, 998, '2019-06-19 21:27:18'),
(230, 'VU', 'VANUATU', 'Vanuatu', 'VUT', 548, 678, '2019-06-19 21:27:18'),
(231, 'VE', 'VENEZUELA', 'Venezuela', 'VEN', 862, 58, '2019-06-19 21:27:18'),
(232, 'VN', 'VIET NAM', 'Viet Nam', 'VNM', 704, 84, '2019-06-19 21:27:18'),
(233, 'VG', 'VIRGIN ISLANDS, BRITISH', 'Virgin Islands, British', 'VGB', 92, 1284, '2019-06-19 21:27:18'),
(234, 'VI', 'VIRGIN ISLANDS, U.S.', 'Virgin Islands, U.s.', 'VIR', 850, 1340, '2019-06-19 21:27:18'),
(235, 'WF', 'WALLIS AND FUTUNA', 'Wallis and Futuna', 'WLF', 876, 681, '2019-06-19 21:27:18'),
(236, 'EH', 'WESTERN SAHARA', 'Western Sahara', 'ESH', 732, 212, '2019-06-19 21:27:18'),
(237, 'YE', 'YEMEN', 'Yemen', 'YEM', 887, 967, '2019-06-19 21:27:18'),
(238, 'ZM', 'ZAMBIA', 'Zambia', 'ZMB', 894, 260, '2019-06-19 21:27:18'),
(239, 'ZW', 'ZIMBABWE', 'Zimbabwe', 'ZWE', 716, 263, '2019-06-19 21:27:18');

-- --------------------------------------------------------

--
-- Table structure for table `t_job`
--

CREATE TABLE `t_job` (
  `id_job` varchar(50) NOT NULL,
  `id_user_p` varchar(50) NOT NULL,
  `j_subject_en` varchar(100) NOT NULL,
  `j_type_en` varchar(100) NOT NULL,
  `j_industry_en` varchar(100) NOT NULL,
  `j_function_en` varchar(100) NOT NULL,
  `j_experience_en` varchar(100) NOT NULL,
  `j_education_en` varchar(100) NOT NULL,
  `j_desc_en` varchar(1000) DEFAULT NULL,
  `j_requirement_en` varchar(1000) DEFAULT NULL,
  `j_subject_id` varchar(100) NOT NULL,
  `j_type_id` varchar(100) NOT NULL,
  `j_industry_id` varchar(100) NOT NULL,
  `j_function_id` varchar(100) NOT NULL,
  `j_experience_id` varchar(100) NOT NULL,
  `j_education_id` varchar(100) NOT NULL,
  `j_desc_id` varchar(1000) DEFAULT NULL,
  `j_requirement_id` varchar(1000) DEFAULT NULL,
  `j_salary` varchar(100) DEFAULT NULL,
  `j_available` int(11) NOT NULL,
  `j_pc` varchar(50) DEFAULT NULL,
  `j_valid` date NOT NULL,
  `jf1` enum('N','Y') DEFAULT NULL,
  `jf2` enum('N','Y') DEFAULT NULL,
  `jf3` enum('N','Y') DEFAULT NULL,
  `jf4` enum('N','Y') DEFAULT NULL,
  `jf5` enum('N','Y') DEFAULT NULL,
  `jf6` enum('N','Y') DEFAULT NULL,
  `jfen` varchar(1000) DEFAULT NULL,
  `jfid` varchar(1000) DEFAULT NULL,
  `timestamp` timestamp NOT NULL DEFAULT CURRENT_TIMESTAMP
) ENGINE=InnoDB DEFAULT CHARSET=latin1;

--
-- Dumping data for table `t_job`
--

INSERT INTO `t_job` (`id_job`, `id_user_p`, `j_subject_en`, `j_type_en`, `j_industry_en`, `j_function_en`, `j_experience_en`, `j_education_en`, `j_desc_en`, `j_requirement_en`, `j_subject_id`, `j_type_id`, `j_industry_id`, `j_function_id`, `j_experience_id`, `j_education_id`, `j_desc_id`, `j_requirement_id`, `j_salary`, `j_available`, `j_pc`, `j_valid`, `jf1`, `jf2`, `jf3`, `jf4`, `jf5`, `jf6`, `jfen`, `jfid`, `timestamp`) VALUES
('JOB-1562347031-9B7MX-3PUZ1-DXACK-LCS0A', 'ID-1562346352-C5FI2-ZFGER-QW8WI-C61OM', 'SME DEVELOPMENT PROGRAM', 'Full Time', 'Banking', 'Sales', 'Fresh Graduate/Less Than 1 Year Experience', 'Bachelor Degree - S1', '<p>To Groom Young-Enthusiastic Candidate to be ready as qualified Small Mediumm Enterprise (SME) Relationship Manager that have responsibility too improve business productivitiy in the long run.</p>\r\n<p><strong>Placement: Jawa Timur &amp; Indonesia Timur Area</strong></p>', '<ol>\r\n<li>Bachelor degree with GPA minimum 3.00</li>\r\n<li>Maximum 27 years old</li>\r\n<li>Willing to be placed at all CIMB Niaga offices</li>\r\n<li>Preferable fresh graduate or maximum 1 year working experience</li>\r\n<li>Demonstrate the following qualities: agile, persistence, self-driven, highly motivated, energetic, good interpersonal skill, haas interest to pursue careen in Sales, goood analytical thinking and strategic thinking.</li>\r\n</ol>', 'SME DEVELOPMENT PROGRAM', 'Full Time', 'Perbankan', 'Penjualan', 'Lulusan Baru / Pengalaman Kurang dari 1 Tahun1', 'Gelar Sarjana - S1', '<p><span class=\"tlid-translation translation\" lang=\"id\"><span class=\"\" title=\"\">Kepada Calon Kandidat Muda - Antusias untuk siap sebagai Manajer Hubungan Usaha Menengah Kecil (UKM) yang memiliki tanggung jawab juga meningkatkan produktivitas bisnis dalam jangka panjang.</span><br /><br /><br /><strong><span class=\"\" title=\"\">Penempatan: Area Jawa Timur &amp; Indonesia Timur</span></strong></span></p>', '<ol>\r\n<li><span class=\"tlid-translation translation\" lang=\"id\"><span title=\"\">Gelar sarjana dengan IPK minimal 3,00</span></span></li>\r\n<li><span class=\"tlid-translation translation\" lang=\"id\"><span title=\"\">Maksimal 27 tahun</span></span></li>\r\n<li><span class=\"tlid-translation translation\" lang=\"id\"><span title=\"\">Bersedia ditempatkan di semua kantor CIMB Niaga</span></span></li>\r\n<li><span class=\"tlid-translation translation\" lang=\"id\"><span title=\"\">Lulusan baru yang disukai atau pengalaman&amp;</span></span></li>\r\n</ol>', 'UMR Kota Bandung', 1, 'JOB-1562347031-9B7MX-3PUZ1-DXACK-LCS0A-PIC.jpg', '2019-08-31', 'Y', 'N', 'Y', 'N', 'Y', 'N', NULL, NULL, '2019-07-07 14:20:08'),
('JOB-1562607823-1Y11V-LZPKX-63Q6X-MVOS7', 'ID-1562346352-C5FI2-ZFGER-QW8WI-C61OM', 'VACANCY1', '1', '1', '1', '1', '1', '<p>VACANCY1</p>', '<p>VACANCY1</p>', 'LOKER1', '1', '1', '1', '1', '1', '<p>LOKER1</p>', '<p>LOKER1</p>', 'UMR', 122, 'JOB-1562607823-1Y11V-LZPKX-63Q6X-MVOS7-PIC.jpg', '2019-10-31', 'N', 'N', 'N', 'N', 'N', 'N', NULL, NULL, '2019-07-08 17:43:43'),
('JOB-1562607889-QPLO4-DQDVQ-MZPE7-19DWE', 'ID-1562346352-C5FI2-ZFGER-QW8WI-C61OM', 'VACANCY2', '2', '2', '2', '2', '2', '<p>VACANCY2</p>', '<p>VACANCY2</p>', 'LOKER2', '2', '2', '2', '2', '2', '<p>LOKER2</p>', '<p>LOKER2</p>', 'UMR', 22, 'JOB-1562607889-QPLO4-DQDVQ-MZPE7-19DWE-PIC.jpg', '2019-10-31', 'N', 'N', 'N', 'N', 'N', 'N', NULL, NULL, '2019-07-08 17:44:49'),
('JOB-1562607945-FWX19-M12EA-ARN5Z-FQ5XI', 'ID-1562346352-C5FI2-ZFGER-QW8WI-C61OM', 'VACANCY3', '3', '3', '3', '33', '3', '<p>VACANCY3</p>', '<p>VACANCY3</p>', 'LOKER3', '3', '3', '3', '3', '3', '<p>LOKER3</p>', '<p>LOKER3</p>', 'UMR', 12, 'JOB-1562607945-FWX19-M12EA-ARN5Z-FQ5XI-PIC.jpg', '2019-11-20', 'N', 'N', 'N', 'N', 'N', 'N', NULL, NULL, '2019-07-08 17:45:45'),
('JOB-1562610649-90LE0-UF96U-ZN1YC-6SGQE', 'ID-1562346352-C5FI2-ZFGER-QW8WI-C61OM', 'VACANCY4', '4', '4', '4', '4', '4', '<p>VACANCY4</p>', '<p>VACANCY4</p>', 'LOKER4', '4', '4', '4', '4', '4', '<p>LOKER4</p>', '<p>LOKER4</p>', 'UMR', 12, 'JOB-1562610649-90LE0-UF96U-ZN1YC-6SGQE-PIC.jpg', '2019-10-25', 'N', 'N', 'N', 'N', 'N', 'N', NULL, NULL, '2019-07-08 18:30:49'),
('JOB-1562610699-EXGME-JD5R2-K65GQ-MOQ2M', 'ID-1562346352-C5FI2-ZFGER-QW8WI-C61OM', 'VACANCY5', '5', '5', '5', '5', '5', '<p>VACANCY5</p>', '<p>VACANCY5</p>', 'LOKER55', '5', '5', '5', '5', '5', '<p>LOKER5</p>', '<p>LOKER5</p>', 'UMR', 11, 'JOB-1562610699-EXGME-JD5R2-K65GQ-MOQ2M-PIC.jpg', '2019-07-09', 'N', 'N', 'N', 'N', 'N', 'N', NULL, NULL, '2019-07-08 18:31:39'),
('JOB-1562610749-QIO1R-OTBDZ-AAOR0-FJNYF', 'ID-1562346352-C5FI2-ZFGER-QW8WI-C61OM', 'VACANCY6', '6', '6', '66', '6', '6', '<p>VACANCY66</p>', '<p>VACANCY6</p>', 'LOKER66', '6', '6', '66', '66', '6', '<p>LOKER6</p>', '<p>LOKER6</p>', 'UMR', 111, 'JOB-1562610749-QIO1R-OTBDZ-AAOR0-FJNYF-PIC.jpg', '2019-11-21', 'N', 'N', 'N', 'N', 'N', 'N', NULL, NULL, '2019-07-08 18:32:29'),
('JOB-1562610786-VICOY-650H0-4NTNN-MYB1Y', 'ID-1562346352-C5FI2-ZFGER-QW8WI-C61OM', 'VACANCY7', '7', '7', '7', '7', '77', '<p>VACANCY77</p>', '<p>VACANCY7</p>', 'LOKER7', '77', '7', '77', '7', '77', '<p>LOKER7</p>', '<p>LOKER7</p>', 'UMR', 10, 'JOB-1562610786-VICOY-650H0-4NTNN-MYB1Y-PIC.jpg', '2019-07-11', 'N', 'N', 'N', 'N', 'N', 'N', NULL, NULL, '2019-07-08 18:33:06'),
('JOB-1562610834-H0956-8J2CR-DIAGF-A4NMJ', 'ID-1562346352-C5FI2-ZFGER-QW8WI-C61OM', 'VACANCY8', '8', '8', '8', '8', '8', '<p>VACANCY8</p>', '<p>VACANCY8</p>', 'LOKER8', '8', '8', '8', '8', '8', '<p>LOKER8</p>', '<p>LOKER8</p>', 'UMR', 111, 'JOB-1562610834-H0956-8J2CR-DIAGF-A4NMJ-PIC.jpg', '2019-12-06', 'N', 'N', 'N', 'N', 'N', 'N', NULL, NULL, '2019-07-08 18:33:54'),
('JOB-1562610872-2B1RM-NJ8XQ-U6KZX-EIUCJ', 'ID-1562346352-C5FI2-ZFGER-QW8WI-C61OM', 'VACANCY9', '9', '9', '9', '9', '9', '<p>VAACANCY9</p>', '<p>VACANCY9</p>', 'LOKER9', '9', '9', '9', '9', '9', '<p>LOKER9</p>', '<p>LOKER9</p>', 'UMR', 111, 'JOB-1562610872-2B1RM-NJ8XQ-U6KZX-EIUCJ-PIC.jpg', '2019-11-29', 'N', 'N', 'N', 'N', 'N', 'N', NULL, NULL, '2019-07-08 18:34:32'),
('JOB-1562610920-NKAJ2-N1XJQ-T09LE-G4KKP', 'ID-1562346352-C5FI2-ZFGER-QW8WI-C61OM', 'VACANCY10', '10', '1001', '01', '10', '10', '<p>VACANCY100</p>', '<p>VACANCY10</p>', 'LOKER10', '10', '100', '10', '101', '10', '<p>LOKER100</p>', '<p>LOKER10</p>', 'UMR', 12, 'JOB-1562610920-NKAJ2-N1XJQ-T09LE-G4KKP-PIC.jpg', '2019-12-26', 'N', 'N', 'N', 'N', 'N', 'N', NULL, NULL, '2019-07-08 18:35:20'),
('JOB-1563648054-T5ZQJ-OQVS7-KN9XV-5ZS3O', 'ID-1561733414-44FAX-FUTWZ-EZ3E9-565XP', 'ASD', 'ASD', 'ASD', 'ASD', 'AASD', 'ASD', '<p>ASD</p>', '<p>ASD</p>', 'ASD', 'ASD', 'ASD', 'ASD', 'ASD', 'ASD', '<p>ASD</p>', '<p>ASD</p>', '', 2, NULL, '2019-08-08', 'N', 'N', 'N', 'N', 'N', 'N', NULL, NULL, '2019-07-20 18:40:55'),
('JOB-1564430049-J4FXQ-XB51E-Z3S7W-Q6NMG', 'ID-1564429671-QTKUX-GEZF6-WUQA9-9VSSZ', 'VACANCY300719', 'Full Time ', 'CORP DS', 'Supervisor', 'Fresh Graduate/Less Than 1 Year Experience', 'S1', '<p>Description</p>', '<p>Requirement</p>', 'VACANCY300719', 'PKWT', 'CORP DS', 'Supervisor', 'Lulusan Baru / Pengalaman Kurang dari 1 Tahun', 'S1', '<p>Deskripsi</p>', '<p>Syarat dan Ketentuan</p>', '', 1, NULL, '2019-08-30', 'N', 'N', 'N', 'N', 'N', 'N', NULL, NULL, '2019-07-29 19:54:09'),
('JOB-1564689243-J673M-GE95J-IGRWP-F6BPC', 'ID-1562346352-C5FI2-ZFGER-QW8WI-C61OM', 'TEST2', 'TEST2', 'TEST2', 'TEST2', 'TEST2', 'TEST2', '<p>TEST2</p>', '<p>TEST2</p>', 'TEST2', 'TEST2', 'TEST2', 'TEST2', 'TEST2', 'TEST2', '<p>TEST2</p>', '<p>TEST2</p>', '', 1, NULL, '2019-08-20', 'N', 'N', 'N', 'N', 'N', 'N', NULL, NULL, '2019-08-01 19:54:03'),
('JOB-1564689706-2JKVC-E81QJ-Z8ZHV-BEQYR', 'ID-1562346352-C5FI2-ZFGER-QW8WI-C61OM', 'en2', 'en2', 'en2', 'en2', 'en2', 'en2', '<p>en2</p>', '<p>en2</p>', 'en2', 'en2', 'en2', 'en2', 'en2', 'en2', '<p>en2</p>', '<p>en2</p>', '', 1, NULL, '2019-08-27', 'N', 'N', 'N', 'N', 'N', 'N', NULL, NULL, '2019-08-01 20:01:46'),
('JOB-1564787194-S24HU-I4QY4-8SN3Z-AI3U5', 'ID-1562346352-C5FI2-ZFGER-QW8WI-C61OM', 'ASD', 'ASD', 'ASD', 'ASD', 'AASD', 'ASD', '<p>asd</p>', '<p>asd</p>', 'ADs', 'asd', 'Asd', 'asd', 'asd', 'ads', '<p>asda</p>', '<p><strong>ASD</strong></p>', '', 1, NULL, '2019-08-19', 'Y', 'Y', 'Y', 'Y', 'Y', 'Y', NULL, NULL, '2019-08-02 23:06:34'),
('JOB-1564787859-342DW-9R9VZ-XCLVN-SJTI4', 'ID-1562346352-C5FI2-ZFGER-QW8WI-C61OM', 'a', 'jk', 'jk', 'jk', 'jk', 'jk', '<p>asd</p>', '<p>ad</p>', 'jk', 'jk', 'jk', 'jk', 'jk', 'jk', '<p>asd</p>', '<p>asd</p>', '', 1, NULL, '2019-08-26', 'N', 'N', 'N', 'N', 'N', 'N', NULL, NULL, '2019-08-02 23:17:39'),
('JOB-1564788316-2BTCP-F4XQS-WXI0F-YCLZI', 'ID-1562346352-C5FI2-ZFGER-QW8WI-C61OM', 'ASD', 'ASD', 'ASD', 'ASD', 'ASD', 'ASd', '<p>ASd</p>', '<p>asd</p>', 'ASD', 'ASD', 'ASD', 'ASD', 'ASD', 'ASd', '<p>ASd</p>', '<p>asd</p>', '', 1, NULL, '2019-08-26', 'N', 'N', 'N', 'N', 'N', 'N', NULL, NULL, '2019-08-02 23:25:16'),
('JOB-1564788380-L8J6K-XSKTT-A7F2A-LFG1J', 'ID-1562346352-C5FI2-ZFGER-QW8WI-C61OM', 'ASD', 'ASD', 'ASD', 'ASD', 'ASD', 'aSD', '<p>ASd</p>', '<p>asd</p>', 'ASD', 'ASD', 'ASD', 'ASD', 'ASD', 'aSD', '<p>ASd</p>', '<p>asd</p>', '', 1, NULL, '2019-08-27', 'N', 'N', 'N', 'N', 'N', 'N', NULL, NULL, '2019-08-02 23:26:20'),
('JOB-1564816293-BDVLG-8ILU9-R4VVI-291H9', 'ID-1562346352-C5FI2-ZFGER-QW8WI-C61OM', 'asd', 'asd', 'asd', 'asd', 'asd', 'asd', '<p>asd</p>', '<p>asd</p>', 'asd', 'asd', 'asd', 'asd', 'asd', 'asd', '<p>asd</p>', '<p>asd</p>', '', 1, NULL, '2019-08-28', 'Y', 'Y', 'Y', 'N', 'N', 'N', NULL, NULL, '2019-08-03 07:11:34'),
('JOB-1566574262-4WDCU-L76B2-CH0DN-UG9Z7', 'ID-1562346352-C5FI2-ZFGER-QW8WI-C61OM', 'asd', 'asd', 'asd', 'asd', 'ASD', 'asd', '<p>asd</p>', '<p>asd</p>', 'asd', 'asd', 'asd', 'asd', 'ASD', 'asd', '<p>asd</p>', '<p>asd</p>', '', 1, NULL, '2019-08-27', 'N', 'N', 'N', 'N', 'N', 'N', NULL, NULL, '2019-08-23 15:31:02'),
('JOB-1566574305-QF6VG-VSEVE-O689F-5WBFZ', 'ID-1562346352-C5FI2-ZFGER-QW8WI-C61OM', 'asden', 'asd', 'asd', 'asd', 'asd', 'asd', '<p>asd</p>', '<p>asd</p>', 'asden', 'asd', 'asd', 'asd', 'asd', 'asd', '<p>asd</p>', '<p>asd</p>', '', 1, NULL, '2019-08-26', 'N', 'N', 'N', 'N', 'N', 'N', NULL, NULL, '2019-08-23 15:31:45'),
('JOB-1566575790-XBUWF-S2XKO-Q69OG-KIYZF', 'ID-1562346352-C5FI2-ZFGER-QW8WI-C61OM', 'en', 'en', 'en', 'en', 'en', 'en', '<p>en</p>', '<p>en</p>', 'en', 'en', 'en', 'en', 'en', 'en', '<p>en</p>', '<p>en</p>', '', 1, NULL, '2019-08-29', 'N', 'N', 'N', 'N', 'N', 'N', NULL, NULL, '2019-08-23 15:56:30'),
('JOB-1566594331-UQQ6Y-1M6SX-WD6FK-HFVIW', 'ID-1562346352-C5FI2-ZFGER-QW8WI-C61OM', 'asd', 'asd', 'asd', 'asd', 'asd', 'asd', '<p>asd</p>', '<p>asd</p>', 'asd', 'asd', 'asd', 'asd', 'asd', 'asd', '<p>asd</p>', '<p>asd</p>', '', 1, NULL, '2019-08-26', 'N', 'N', 'N', 'N', 'N', 'N', '<p>asdfileen</p>', '<p>asdfileid</p>', '2019-08-23 21:05:31'),
('JOB-1566594831-34L51-APITW-0ZNX5-HF2JO', 'ID-1562346352-C5FI2-ZFGER-QW8WI-C61OM', 'IDAJA', 'IDAJA', 'IDAJA', 'IDAJA', 'IDAJA', 'IDAJA', '<p>IDAJA</p>', '<p>IDAJA</p>', 'IDAJA', 'IDAJA', 'IDAJA', 'IDAJA', 'IDAJA', 'IDAJA', '<p>IDAJA</p>', '<p>IDAJA</p>', '', 1, NULL, '2019-08-26', 'N', 'N', 'N', 'N', 'N', 'N', '<p>IDAJA</p>', '<p>IDAJA</p>', '2019-08-23 21:13:51'),
('JOB-1566594878-5KAXG-6GTDR-AXGU9-ROMUU', 'ID-1562346352-C5FI2-ZFGER-QW8WI-C61OM', 'ENAJA', 'ENAJA', 'ENAJA', 'ENAJA', 'ENAJA', 'ENAJA', '<p>ENAJA</p>', '<p>ENAJA</p>', 'ENAJA', 'ENAJA', 'ENAJA', 'ENAJA', 'ENAJA', 'ENAJA', '<p>ENAJA</p>', '<p>ENAJA</p>', '', 1, NULL, '2019-08-27', 'N', 'N', 'N', 'N', 'N', 'N', '<p><em><strong>RESUME</strong></em></p>\r\n<ol>\r\n<li>&nbsp;</li>\r\n</ol>\r\n<p><em><strong>CV</strong></em></p>\r\n<ol>\r\n<li>&nbsp;</li>\r\n</ol>\r\n<p><em><strong>CERTIFICATE</strong></em></p>\r\n<ol>\r\n<li>&nbsp;</li>\r\n</ol>\r\n<p><em><strong>QUALIFICATION</strong></em></p>\r\n<ol>\r\n<li>&nbsp;</li>\r\n</ol>\r\n<p><em><strong>PHOTO</strong></em></p>\r\n<ol>\r\n<li>&nbsp;</li>\r\n</ol>\r\n<p><em><strong>EXTRA</strong></em></p>\r\n<ol>\r\n<li>&nbsp;</li>\r\n</ol>', '<p><em><strong>RESUME</strong></em></p>\r\n<ol>\r\n<li>&nbsp;</li>\r\n</ol>\r\n<p><em><strong>CV</strong></em></p>\r\n<ol>\r\n<li>&nbsp;</li>\r\n</ol>\r\n<p><em><strong>SERTIFIKAT</strong></em></p>\r\n<ol>\r\n<li>&nbsp;</li>\r\n</ol>\r\n<p><em><strong>KUALIFIKASI</strong></em></p>\r\n<ol>\r\n<li>&nbsp;</li>\r\n</ol>\r\n<p><em><strong>PAS FOTO</strong></em></p>\r\n<ol>\r\n<li>&nbsp;</li>\r\n</ol>\r\n<p><em><strong>EKSTRA</strong></em></p>\r\n<ol>\r\n<li>&nbsp;</li>\r\n</ol>', '2019-08-23 21:14:38');

-- --------------------------------------------------------

--
-- Table structure for table `t_partner_d`
--

CREATE TABLE `t_partner_d` (
  `id_user` varchar(50) NOT NULL,
  `u_email` varchar(320) NOT NULL,
  `u_name` varchar(100) NOT NULL,
  `u_1_addr` varchar(200) NOT NULL,
  `u_2_subdis` varchar(100) NOT NULL,
  `u_3_dist` varchar(100) NOT NULL,
  `u_4_addr` varchar(100) NOT NULL,
  `u_postcode` varchar(30) NOT NULL,
  `c_id` int(11) NOT NULL,
  `u_phone` varchar(50) NOT NULL,
  `p_desc` varchar(500) DEFAULT NULL,
  `p_cp` varchar(100) NOT NULL DEFAULT '#',
  `u_pic` varchar(50) DEFAULT NULL,
  `timestamp_c` timestamp NOT NULL DEFAULT CURRENT_TIMESTAMP ON UPDATE CURRENT_TIMESTAMP
) ENGINE=InnoDB DEFAULT CHARSET=latin1;

--
-- Dumping data for table `t_partner_d`
--

INSERT INTO `t_partner_d` (`id_user`, `u_email`, `u_name`, `u_1_addr`, `u_2_subdis`, `u_3_dist`, `u_4_addr`, `u_postcode`, `c_id`, `u_phone`, `p_desc`, `p_cp`, `u_pic`, `timestamp_c`) VALUES
('ID-1561733350-980OG-7VAEE-UE5NM-M9CJZ', 'digitalstandard@gmail.com', 'PT Digital Standard', 'JL NARIPAN NO 131 RT 005 RW 008 KEL KEBON PISANG', 'KEC SUMUR BANDUNG', 'KOTA BANDUNG', 'JAWA BARAT', '40112', 100, '089655405414', NULL, '#', NULL, '2019-06-28 14:49:10'),
('ID-1561733414-44FAX-FUTWZ-EZ3E9-565XP', 'dewanitrahz@yahoo.com', 'PT H Z Dewan Nitra', 'JL MENADO NO 12 RT 005 RW 009 KEL MERDEKA', 'KEC SUMUR BANDUNG', 'KOTA BANDUNG', 'JAWA BARAT', '40113', 100, '082214691562', NULL, '#', 'ID-1561733414-44FAX-FUTWZ-EZ3E9-565XP-PIC.png', '2019-06-30 13:38:06'),
('ID-1561733460-HBLCZ-LIDOJ-4E54N-HZM53', 'tbmakmur@yahoo.co.id', 'CV TB Makmur', 'JL MENGGER GIRANG RT 007 RW 008 KEL PASIRLUYU', 'KEC REGOL', 'KOTA BANDUNG', 'JAWA BARAT', '40254', 100, '0895351960107', NULL, '#', NULL, '2019-06-28 14:51:00'),
('ID-1562346352-C5FI2-ZFGER-QW8WI-C61OM', '14041@cimbniaga.co.id', 'CIMB NIAGA', 'Jl. Ir. H. Juanda No. 165. Kel. Lebak Siliwangi', 'Kec. Coblong', 'Kota Bandung', 'Jawa Barat', '40115', 100, '0224241511', 'PT Bank CIMB Niaga Tbk is Indonesia\'s fourth largest bank by assets, established in 1955. CIMB Niaga, which is majority-owned by CIMB Group, is the largest payment bank in terms of transaction value under the Indonesian Central Securities Depository. With 11% of market share, CIMB Niaga is the third largest mortgage provider in Indonesia.', 'https://www.cimbniaga.com/in/personal/support/contact-us.html', 'ID-1562346352-C5FI2-ZFGER-QW8WI-C61OM-PIC.jpg', '2019-07-08 13:23:38'),
('ID-1563260091-TAU9S-358SD-074HZ-RNN52', 'rezi1@gmail.com', 'PT A', 'JL PELAJAR PEJUANG 45 NO 115', 'KEC LENGKONG', 'KOTA BANDUNG', 'JAWA BARAT', '40213', 100, '0812478979', NULL, '#', NULL, '2019-07-16 06:54:51'),
('ID-1564429671-QTKUX-GEZF6-WUQA9-9VSSZ', 'mitra1@pm.me', 'CORP DS FENG THAI', 'JLN X', 'KEC BANDUNG WETAN', 'KOTA BANDUNG', 'JAWA BARAT', '88888', 100, '88888888', NULL, '#', NULL, '2019-07-29 19:47:51');

-- --------------------------------------------------------

--
-- Table structure for table `t_partner_t`
--

CREATE TABLE `t_partner_t` (
  `id_pt` varchar(50) NOT NULL,
  `id_job` varchar(50) NOT NULL,
  `id_user` varchar(50) NOT NULL,
  `pt_subject_en` varchar(100) NOT NULL,
  `pt_subject_id` varchar(100) NOT NULL,
  `pt_categories` varchar(30) NOT NULL,
  `pt_content_en` varchar(1000) NOT NULL,
  `pt_content_id` varchar(1000) NOT NULL,
  `pt_pic` varchar(50) DEFAULT NULL,
  `timestamp_b` timestamp NOT NULL DEFAULT CURRENT_TIMESTAMP
) ENGINE=InnoDB DEFAULT CHARSET=latin1;

--
-- Dumping data for table `t_partner_t`
--

INSERT INTO `t_partner_t` (`id_pt`, `id_job`, `id_user`, `pt_subject_en`, `pt_subject_id`, `pt_categories`, `pt_content_en`, `pt_content_id`, `pt_pic`, `timestamp_b`) VALUES
('ANNA-1562535534-OVBZV-35WCG-5S0BP-V77IB', 'JOB-1562347031-9B7MX-3PUZ1-DXACK-LCS0A', 'ID-1562346352-C5FI2-ZFGER-QW8WI-C61OM', 'acceptance1', 'penerimaan1', 'ANNA', '<p><br /><strong>The 5th online cpns paint tryout in 2018 will be held on 18 September 22, 2018.</strong><br /><strong>Total cpnsonline.com member participants who participated in 31,461 participants.</strong><br /><strong>Participants who do not match the data with the cpnsonline member data, are disqualified (crossed out).</strong><br /><strong>Share the 1st to 10th rank given a reward.</strong></p>', '<p><strong>Tryout cat cpns online ke-5 Tahun 2018 dilaksanakan tanggal 18 s.d 22 September 2018.</strong><br /><strong>Total peserta member cpnsonline.com yang mengikuti sebanyak 31.461 Peserta.</strong><br /><strong>Peserta yang tidak sesuai pengisian data dengan data member cpnsonline, maka didiskualifikasi (dicoret).</strong><br /><strong>Bagi peringkat ke-1 s.d ke-10 diberikan reward.</strong></p>', 'ANNA-1562535534-OVBZV-35WCG-5S0BP-V77IB-PIC.png', '2019-07-07 21:40:06'),
('ANNA-1562535578-IJ5PK-NXGFU-UXLH5-N1UML', 'JOB-1562347031-9B7MX-3PUZ1-DXACK-LCS0A', 'ID-1562346352-C5FI2-ZFGER-QW8WI-C61OM', 'acceptance2', 'penerimaan2', 'ANNA', '<p><br /><strong>The 5th online cpns paint tryout in 2018 will be held on 18 September 22, 2018.</strong><br /><strong>Total cpnsonline.com member participants who participated in 31,461 participants.</strong><br /><strong>Participants who do not match the data with the cpnsonline member data, are disqualified (crossed out).</strong><br /><strong>Share the 1st to 10th rank given a reward.</strong></p>', '<p>Tryout cat cpns online ke-5 Tahun 2018 dilaksanakan tanggal 18 s.d 22 September 2018.<br />Total peserta member cpnsonline.com yang mengikuti sebanyak 31.461 Peserta.<br />Peserta yang tidak sesuai pengisian data dengan data member cpnsonline, maka didiskualifikasi (dicoret).<br />Bagi peringkat ke-1 s.d ke-10 diberikan reward.</p>', 'ANNA-1562535578-IJ5PK-NXGFU-UXLH5-N1UML-PIC.png', '2019-07-07 21:40:28'),
('ANNA-1562535672-QE32S-LS3VZ-YV015-NZMXZ', 'JOB-1562347031-9B7MX-3PUZ1-DXACK-LCS0A', 'ID-1562346352-C5FI2-ZFGER-QW8WI-C61OM', 'acceptance3', 'penerimaan3', 'ANNA', '<p><br /><strong>The 5th online cpns paint tryout in 2018 will be held on 18 September 22, 2018.</strong><br /><strong>Total cpnsonline.com member participants who participated in 31,461 participants.</strong><br /><strong>Participants who do not match the data with the cpnsonline member data, are disqualified (crossed out).</strong><br /><strong>Share the 1st to 10th rank given a reward.</strong></p>', '<p><strong>Tryout cat cpns online ke-5 Tahun 2018 dilaksanakan tanggal 18 s.d 22 September 2018.</strong><br /><strong>Total peserta member cpnsonline.com yang mengikuti sebanyak 31.461 Peserta.</strong><br /><strong>Peserta yang tidak sesuai pengisian data dengan data member cpnsonline, maka didiskualifikasi (dicoret).</strong><br /><strong>Bagi peringkat ke-1 s.d ke-10 diberikan reward.</strong></p>', 'ANNA-1562535672-QE32S-LS3VZ-YV015-NZMXZ-PIC.png', '2019-07-08 08:31:59'),
('ANNA-1562535734-FT841-XLHDT-4HXQ2-PCW71', 'JOB-1562347031-9B7MX-3PUZ1-DXACK-LCS0A', 'ID-1562346352-C5FI2-ZFGER-QW8WI-C61OM', 'acceptance4', 'penerimmaan4', 'ANNA', '<p><br /><strong>The 5th online cpns paint tryout in 2018 will be held on 18 September 22, 2018.</strong><br /><strong>Total cpnsonline.com member participants who participated in 31,461 participants.</strong><br /><strong>Participants who do not match the data with the cpnsonline member data, are disqualified (crossed out).</strong><br /><strong>Share the 1st to 10th rank given a reward.</strong></p>', '<p><strong>Tryout cat cpns online ke-5 Tahun 2018 dilaksanakan tanggal 18 s.d 22 September 2018.</strong><br /><strong>Total peserta member cpnsonline.com yang mengikuti sebanyak 31.461 Peserta.</strong><br /><strong>Peserta yang tidak sesuai pengisian data dengan data member cpnsonline, maka didiskualifikasi (dicoret).</strong><br /><strong>Bagi peringkat ke-1 s.d ke-10 diberikan reward.</strong></p>', 'ANNA-1562535734-FT841-XLHDT-4HXQ2-PCW71-PIC.png', '2019-07-08 08:31:52'),
('ANNA-1564779275-U1OJH-UHL5K-HKSG1-ZMT0W', 'JOB-1562347031-9B7MX-3PUZ1-DXACK-LCS0A', 'ID-1562346352-C5FI2-ZFGER-QW8WI-C61OM', 'BHS', 'BHS', 'ANNA', '<p>BHS</p>', '<p>BHS</p>', NULL, '2019-08-02 20:54:35'),
('ANNA-1564779294-IF6JP-GM3VF-XP9ZA-P8KYO', 'JOB-1562347031-9B7MX-3PUZ1-DXACK-LCS0A', 'ID-1562346352-C5FI2-ZFGER-QW8WI-C61OM', 'EN', 'EN', 'ANNA', '<p>EN</p>', '<p>EN</p>', NULL, '2019-08-02 20:54:54'),
('ANNS-1562535255-TUHMF-PEZFV-28LNK-2QKYI', 'JOB-1562347031-9B7MX-3PUZ1-DXACK-LCS0A', 'ID-1562346352-C5FI2-ZFGER-QW8WI-C61OM', 'announcement1', 'pengumuman1', 'ANNS', '<ol>\r\n<li><span class=\"tlid-translation translation\" lang=\"en\"><span title=\"\">The 5th online cpns paint tryout in 2018 will be held on 18 September 22, 2018.</span></span></li>\r\n<li><span class=\"tlid-translation translation\" lang=\"en\"><span title=\"\">Total cpnsonline.com member participants who participated in 31,461 participants.</span></span></li>\r\n<li><span class=\"tlid-translation translation\" lang=\"en\"><span class=\"\" title=\"\">Participants who do not match the data with the cpnsonline member data, are disqualified (crossed out).</span></span></li>\r\n<li><span class=\"tlid-translation translation\" lang=\"en\"><span class=\"\" title=\"\">Share the 1st to 10th rank given a reward.</span></span></li>\r\n</ol>', '<ol>\r\n<li>Tryout cat cpns online ke-5 Tahun 2018 dilaksanakan tanggal 18 s.d 22 September 2018.</li>\r\n<li>Total peserta member cpnsonline.com yang mengikuti sebanyak 31.461 Peserta.</li>\r\n<li>Peserta yang tidak sesuai pengisian data dengan data member cpnsonline, maka didiskualifikasi (dicoret).</li>\r\n<li>Bagi peringkat ke-1 s.d ke-10 diberikan reward.</li>\r\n</ol>', 'ANNS-1562535255-TUHMF-PEZFV-28LNK-2QKYI-PIC.jpg', '2019-07-07 21:34:15'),
('ANNS-1562535339-HUITE-PBKFB-0DWKH-DYEQM', 'JOB-1562347031-9B7MX-3PUZ1-DXACK-LCS0A', 'ID-1562346352-C5FI2-ZFGER-QW8WI-C61OM', 'announcement2', 'pengumuman2', 'ANNS', '<p><strong><span class=\"tlid-translation translation\" lang=\"en\"><span title=\"\">The 5th online cpns paint tryout in 2018 will be held on 18 September 22, 2018.</span><br /><span title=\"\">Total cpnsonline.com member participants who participated in 31,461 participants.</span><br /><span class=\"\" title=\"\">Participants who do not match the data with the cpnsonline member data, are disqualified (crossed out).</span><br /><span class=\"\" title=\"\">Share the 1st to 10th rank given a reward.</span></span></strong></p>', '<p><strong>Tryout cat cpns online ke-5 Tahun 2018 dilaksanakan tanggal 18 s.d 22 September 2018.</strong><br /><strong>Total peserta member cpnsonline.com yang mengikuti sebanyak 31.461 Peserta.</strong><br /><strong>Peserta yang tidak sesuai pengisian data dengan data member cpnsonline, maka didiskualifikasi (dicoret).</strong><br /><strong>Bagi peringkat ke-1 s.d ke-10 diberikan reward.</strong></p>', 'ANNS-1562535339-HUITE-PBKFB-0DWKH-DYEQM-PIC.jpg', '2019-07-07 21:35:39'),
('ANNS-1562535402-56860-BJKZU-72ULW-JC5GU', 'JOB-1562347031-9B7MX-3PUZ1-DXACK-LCS0A', 'ID-1562346352-C5FI2-ZFGER-QW8WI-C61OM', 'announcement3', 'pengumuman3', 'ANNS', '<p><strong>The 5th online cpns paint tryout in 2018 will be held on 18 September 22, 2018.</strong><br /><strong>Total cpnsonline.com member participants who participated in 31,461 participants.</strong><br /><strong>Participants who do not match the data with the cpnsonline member data, are disqualified (crossed out).</strong><br /><strong>Share the 1st to 10th rank given a reward.</strong></p>', '<p><strong>Tryout cat cpns online ke-5 Tahun 2018 dilaksanakan tanggal 18 s.d 22 September 2018.</strong><br /><strong>Total peserta member cpnsonline.com yang mengikuti sebanyak 31.461 Peserta.</strong><br /><strong>Peserta yang tidak sesuai pengisian data dengan data member cpnsonline, maka didiskualifikasi (dicoret).</strong><br /><strong>Bagi peringkat ke-1 s.d ke-10 diberikan reward.</strong></p>', 'ANNS-1562535402-56860-BJKZU-72ULW-JC5GU-PIC.png', '2019-07-07 21:36:42'),
('ANNS-1563648110-DH4RN-DIN82-FJED6-BIU90', 'JOB-1563648054-T5ZQJ-OQVS7-KN9XV-5ZS3O', 'ID-1561733414-44FAX-FUTWZ-EZ3E9-565XP', 'ASD', 'ASD', 'ANNS', '<p>ASD</p>', '<p>ASD</p>', NULL, '2019-07-20 18:41:50'),
('ANNS-1564434580-Y567W-JAR7Y-MET58-HQN9T', 'JOB-1564430049-J4FXQ-XB51E-Z3S7W-Q6NMG', 'ID-1564429671-QTKUX-GEZF6-WUQA9-9VSSZ', 'TEST', 'TEST', 'ANNS', '<p>TEST</p>', '<p>TEST</p>', NULL, '2019-07-29 21:09:40'),
('ANNS-1564777974-KEJ6P-LTIKZ-DUBBC-HMXB6', 'JOB-1562347031-9B7MX-3PUZ1-DXACK-LCS0A', 'ID-1562346352-C5FI2-ZFGER-QW8WI-C61OM', 'ASD', 'ASD', 'ANNS', '<p>ASD</p>', '<p>ASD</p>', NULL, '2019-08-02 20:32:54'),
('ANNS-1564778025-HGRIH-4J5UK-L1DYV-QCFVR', 'JOB-1562347031-9B7MX-3PUZ1-DXACK-LCS0A', 'ID-1562346352-C5FI2-ZFGER-QW8WI-C61OM', 'EN', 'EN', 'ANNS', '<p>EN</p>', '<p>EN</p>', NULL, '2019-08-02 20:33:45');

-- --------------------------------------------------------

--
-- Table structure for table `t_rule`
--

CREATE TABLE `t_rule` (
  `r_lvl` tinyint(4) NOT NULL,
  `r_rule` char(20) NOT NULL,
  `timestamp` timestamp NOT NULL DEFAULT CURRENT_TIMESTAMP ON UPDATE CURRENT_TIMESTAMP
) ENGINE=InnoDB DEFAULT CHARSET=latin1;

--
-- Dumping data for table `t_rule`
--

INSERT INTO `t_rule` (`r_lvl`, `r_rule`, `timestamp`) VALUES
(1, 'ROOT', '2019-08-22 20:30:54'),
(2, 'INTERNAL', '2019-06-27 14:34:23'),
(3, 'ALUMNI', '2019-06-27 14:34:23'),
(4, 'PARTNER', '2019-06-27 14:34:23'),
(5, 'PUBLIC', '2019-06-27 14:34:23');

-- --------------------------------------------------------

--
-- Table structure for table `t_track`
--

CREATE TABLE `t_track` (
  `id_log` varchar(50) NOT NULL,
  `id_user` varchar(50) NOT NULL,
  `t_log` char(10) NOT NULL,
  `t_ip` varchar(45) NOT NULL DEFAULT '0',
  `t_agent` varchar(120) NOT NULL,
  `timestamp` timestamp NOT NULL DEFAULT CURRENT_TIMESTAMP ON UPDATE CURRENT_TIMESTAMP
) ENGINE=InnoDB DEFAULT CHARSET=latin1;

--
-- Dumping data for table `t_track`
--

INSERT INTO `t_track` (`id_log`, `id_user`, `t_log`, `t_ip`, `t_agent`, `timestamp`) VALUES
('LOG-1561733502-FO0L3-7XIGS-CH9P8-65IXS', 'ID-1561645830-7NHGN-B23R8-QYR9X-JR2BL', 'login', '::1', 'Mozilla/5.0 (X11; Linux x86_64; rv:67.0) Gecko/20100101 Firefox/67.0', '2019-06-28 14:51:42'),
('LOG-1561733517-1O5SX-DSDZ7-6GMBN-2YIAO', 'ID-1561645830-7NHGN-B23R8-QYR9X-JR2BL', 'logout', '::1', 'Mozilla/5.0 (X11; Linux x86_64; rv:67.0) Gecko/20100101 Firefox/67.0', '2019-06-28 14:51:57'),
('LOG-1561733529-1V9QB-YFSNH-51ANG-9DC9Z', 'ID-1561733283-6S8CW-SG0AY-8YR2P-T935Z', 'login', '::1', 'Mozilla/5.0 (X11; Linux x86_64; rv:67.0) Gecko/20100101 Firefox/67.0', '2019-06-28 14:52:09'),
('LOG-1561734427-SRUZF-ZCFFS-Y944Q-5SGAP', 'ID-1561733283-6S8CW-SG0AY-8YR2P-T935Z', 'logout', '::1', 'Mozilla/5.0 (X11; Linux x86_64; rv:67.0) Gecko/20100101 Firefox/67.0', '2019-06-28 15:07:07'),
('LOG-1561734440-LEX72-G176V-F29GZ-8TPED', 'ID-1561733414-44FAX-FUTWZ-EZ3E9-565XP', 'login', '::1', 'Mozilla/5.0 (X11; Linux x86_64; rv:67.0) Gecko/20100101 Firefox/67.0', '2019-06-28 15:07:20'),
('LOG-1561743157-V1LNA-0B5CI-1TG0R-2BM34', 'ID-1561733414-44FAX-FUTWZ-EZ3E9-565XP', 'logout', '::1', 'Mozilla/5.0 (X11; Linux x86_64; rv:67.0) Gecko/20100101 Firefox/67.0', '2019-06-28 17:32:37'),
('LOG-1561743168-DB9X3-ZQXF6-2DCJV-1O3UY', 'ID-1561733215-TB7EL-JY9AL-JXF9M-8JFSE', 'login', '::1', 'Mozilla/5.0 (X11; Linux x86_64; rv:67.0) Gecko/20100101 Firefox/67.0', '2019-06-28 17:32:48'),
('LOG-1561743347-RIEMD-B4UH9-VISIP-EW8BX', 'ID-1561733215-TB7EL-JY9AL-JXF9M-8JFSE', 'logout', '::1', 'Mozilla/5.0 (X11; Linux x86_64; rv:67.0) Gecko/20100101 Firefox/67.0', '2019-06-28 17:35:47'),
('LOG-1561743355-NIZPL-OFN4K-LCTVX-ENOYP', 'ID-1561733283-6S8CW-SG0AY-8YR2P-T935Z', 'login', '::1', 'Mozilla/5.0 (X11; Linux x86_64; rv:67.0) Gecko/20100101 Firefox/67.0', '2019-06-28 17:35:55'),
('LOG-1561743361-9B1YA-5S20Z-Q56UZ-BMYZL', 'ID-1561733283-6S8CW-SG0AY-8YR2P-T935Z', 'logout', '::1', 'Mozilla/5.0 (X11; Linux x86_64; rv:67.0) Gecko/20100101 Firefox/67.0', '2019-06-28 17:36:01'),
('LOG-1561743368-SQL33-PBTRJ-8P720-A9LFJ', 'ID-1561733263-4KR0A-V8XDE-V9N1B-VCSC5', 'login', '::1', 'Mozilla/5.0 (X11; Linux x86_64; rv:67.0) Gecko/20100101 Firefox/67.0', '2019-06-28 17:36:08'),
('LOG-1561743488-RC6EO-Q5I2L-OPOT8-BQLMS', 'ID-1561733263-4KR0A-V8XDE-V9N1B-VCSC5', 'logout', '::1', 'Mozilla/5.0 (X11; Linux x86_64; rv:67.0) Gecko/20100101 Firefox/67.0', '2019-06-28 17:38:08'),
('LOG-1561743496-WZFSD-ME7F3-6G8EU-4SZWZ', 'ID-1561645830-7NHGN-B23R8-QYR9X-JR2BL', 'login', '::1', 'Mozilla/5.0 (X11; Linux x86_64; rv:67.0) Gecko/20100101 Firefox/67.0', '2019-06-28 17:38:16'),
('LOG-1561743502-2RWCI-3RF15-AS97S-1OA6P', 'ID-1561645830-7NHGN-B23R8-QYR9X-JR2BL', 'logout', '::1', 'Mozilla/5.0 (X11; Linux x86_64; rv:67.0) Gecko/20100101 Firefox/67.0', '2019-06-28 17:38:22'),
('LOG-1561743511-5V0U4-7SXY5-VAYSY-NQNTC', 'ID-1561733414-44FAX-FUTWZ-EZ3E9-565XP', 'login', '::1', 'Mozilla/5.0 (X11; Linux x86_64; rv:67.0) Gecko/20100101 Firefox/67.0', '2019-06-28 17:38:31'),
('LOG-1561784657-4U47Q-Z5OZE-86Y55-3VT8V', 'ID-1561733414-44FAX-FUTWZ-EZ3E9-565XP', 'login', '::1', 'Mozilla/5.0 (X11; Linux x86_64; rv:67.0) Gecko/20100101 Firefox/67.0', '2019-06-29 05:04:17'),
('LOG-1561791139-X21CQ-I7OG3-9KMIQ-L12LY', 'ID-1561733414-44FAX-FUTWZ-EZ3E9-565XP', 'logout', '::1', 'Mozilla/5.0 (X11; Linux x86_64; rv:67.0) Gecko/20100101 Firefox/67.0', '2019-06-29 06:52:19'),
('LOG-1561791153-BTMK9-QKPNX-CKC8B-J388B', 'ID-1561733215-TB7EL-JY9AL-JXF9M-8JFSE', 'login', '::1', 'Mozilla/5.0 (X11; Linux x86_64; rv:67.0) Gecko/20100101 Firefox/67.0', '2019-06-29 06:52:33'),
('LOG-1561791242-ZMCAR-1N7XB-CO3ZI-460TH', 'ID-1561733215-TB7EL-JY9AL-JXF9M-8JFSE', 'logout', '::1', 'Mozilla/5.0 (X11; Linux x86_64; rv:67.0) Gecko/20100101 Firefox/67.0', '2019-06-29 06:54:02'),
('LOG-1561791260-KTY2L-ZIDU4-6Q4QY-X7HQD', 'ID-1561733414-44FAX-FUTWZ-EZ3E9-565XP', 'login', '::1', 'Mozilla/5.0 (X11; Linux x86_64; rv:67.0) Gecko/20100101 Firefox/67.0', '2019-06-29 06:54:20'),
('LOG-1561805645-TXJZT-0ZRG4-R7XMH-SKNB3', 'ID-1561733414-44FAX-FUTWZ-EZ3E9-565XP', 'logout', '::1', 'Mozilla/5.0 (X11; Linux x86_64; rv:67.0) Gecko/20100101 Firefox/67.0', '2019-06-29 10:54:05'),
('LOG-1561805653-XA1RX-8JX3Y-9LE47-VMW25', 'ID-1561645830-7NHGN-B23R8-QYR9X-JR2BL', 'login', '::1', 'Mozilla/5.0 (X11; Linux x86_64; rv:67.0) Gecko/20100101 Firefox/67.0', '2019-06-29 10:54:13'),
('LOG-1561805900-2YVCG-WUO5A-FP1A3-Y8AOD', 'ID-1561645830-7NHGN-B23R8-QYR9X-JR2BL', 'logout', '::1', 'Mozilla/5.0 (X11; Linux x86_64; rv:67.0) Gecko/20100101 Firefox/67.0', '2019-06-29 10:58:20'),
('LOG-1561805908-JE46R-7Q31G-A3UJF-JUMHE', 'ID-1561733414-44FAX-FUTWZ-EZ3E9-565XP', 'login', '::1', 'Mozilla/5.0 (X11; Linux x86_64; rv:67.0) Gecko/20100101 Firefox/67.0', '2019-06-29 10:58:28'),
('LOG-1561865952-WSUD1-A8SIO-1CCQL-OK752', 'ID-1561733414-44FAX-FUTWZ-EZ3E9-565XP', 'login', '::1', 'Mozilla/5.0 (X11; Linux x86_64; rv:67.0) Gecko/20100101 Firefox/67.0', '2019-06-30 03:39:12'),
('LOG-1561901780-U465J-VHRYK-6UHVY-LPOCO', 'ID-1561645830-7NHGN-B23R8-QYR9X-JR2BL', 'login', '::1', 'Mozilla/5.0 (X11; Linux x86_64; rv:67.0) Gecko/20100101 Firefox/67.0', '2019-06-30 13:36:20'),
('LOG-1561901860-GPK94-QSSKC-NJRY4-33X6Q', 'ID-1561645830-7NHGN-B23R8-QYR9X-JR2BL', 'logout', '::1', 'Mozilla/5.0 (X11; Linux x86_64; rv:67.0) Gecko/20100101 Firefox/67.0', '2019-06-30 13:37:40'),
('LOG-1561901869-DIUYR-VJS8G-XWV48-CR7ST', 'ID-1561733414-44FAX-FUTWZ-EZ3E9-565XP', 'login', '::1', 'Mozilla/5.0 (X11; Linux x86_64; rv:67.0) Gecko/20100101 Firefox/67.0', '2019-06-30 13:37:49'),
('LOG-1562037654-UTLQ9-AX791-KZ1KX-WDPC8', 'ID-1561733414-44FAX-FUTWZ-EZ3E9-565XP', 'login', '::1', 'Mozilla/5.0 (X11; Linux x86_64; rv:67.0) Gecko/20100101 Firefox/67.0', '2019-07-02 03:20:54'),
('LOG-1562084896-ZFIXA-Z55GS-99P8D-L8GH8', 'ID-1561733414-44FAX-FUTWZ-EZ3E9-565XP', 'login', '::1', 'Mozilla/5.0 (X11; Linux x86_64; rv:67.0) Gecko/20100101 Firefox/67.0', '2019-07-02 16:28:16'),
('LOG-1562124216-EGYZG-RFR8M-WUZSN-1S8AV', 'ID-1561733414-44FAX-FUTWZ-EZ3E9-565XP', 'login', '::1', 'Mozilla/5.0 (X11; Linux x86_64; rv:67.0) Gecko/20100101 Firefox/67.0', '2019-07-03 03:23:36'),
('LOG-1562337036-VPSUQ-DCQZL-RH66C-QMHJR', 'ID-1561733414-44FAX-FUTWZ-EZ3E9-565XP', 'login', '::1', 'Mozilla/5.0 (X11; Linux x86_64; rv:67.0) Gecko/20100101 Firefox/67.0', '2019-07-05 14:30:36'),
('LOG-1562345347-ZKHLO-ND7CA-6GDDA-GXU4C', 'ID-1561733414-44FAX-FUTWZ-EZ3E9-565XP', 'logout', '::1', 'Mozilla/5.0 (X11; Linux x86_64; rv:67.0) Gecko/20100101 Firefox/67.0', '2019-07-05 16:49:07'),
('LOG-1562345367-DRJJL-CLENF-I3CYI-V3ON9', 'ID-1561733414-44FAX-FUTWZ-EZ3E9-565XP', 'login', '::1', 'Mozilla/5.0 (X11; Linux x86_64; rv:67.0) Gecko/20100101 Firefox/67.0', '2019-07-05 16:49:27'),
('LOG-1562346176-K9LST-J5V66-TLNBO-M7ATM', 'ID-1561733414-44FAX-FUTWZ-EZ3E9-565XP', 'logout', '::1', 'Mozilla/5.0 (X11; Linux x86_64; rv:67.0) Gecko/20100101 Firefox/67.0', '2019-07-05 17:02:56'),
('LOG-1562346377-6Q9NQ-F9C6K-TU10M-QFLUD', 'ID-1561645830-7NHGN-B23R8-QYR9X-JR2BL', 'login', '::1', 'Mozilla/5.0 (X11; Linux x86_64; rv:67.0) Gecko/20100101 Firefox/67.0', '2019-07-05 17:06:17'),
('LOG-1562346390-08LD3-ZHHWX-0SBV0-4FVMD', 'ID-1561645830-7NHGN-B23R8-QYR9X-JR2BL', 'logout', '::1', 'Mozilla/5.0 (X11; Linux x86_64; rv:67.0) Gecko/20100101 Firefox/67.0', '2019-07-05 17:06:30'),
('LOG-1562346400-AASKM-DJ2E6-L5DUX-RAAGF', 'ID-1562346352-C5FI2-ZFGER-QW8WI-C61OM', 'login', '::1', 'Mozilla/5.0 (X11; Linux x86_64; rv:67.0) Gecko/20100101 Firefox/67.0', '2019-07-05 17:06:40'),
('LOG-1562357482-JKF8X-ULWXE-FJCU5-Z2RVM', 'ID-1562346352-C5FI2-ZFGER-QW8WI-C61OM', 'login', '::1', 'Mozilla/5.0 (X11; Linux x86_64; rv:67.0) Gecko/20100101 Firefox/67.0', '2019-07-05 20:11:22'),
('LOG-1562357567-S3ILH-7S9XW-9RO2F-KL7GM', 'ID-1562346352-C5FI2-ZFGER-QW8WI-C61OM', 'logout', '::1', 'Mozilla/5.0 (X11; Linux x86_64; rv:67.0) Gecko/20100101 Firefox/67.0', '2019-07-05 20:12:47'),
('LOG-1562357590-IZAVB-Y4TXS-04N8H-BHPW7', 'ID-1562346352-C5FI2-ZFGER-QW8WI-C61OM', 'login', '::1', 'Mozilla/5.0 (X11; Linux x86_64; rv:67.0) Gecko/20100101 Firefox/67.0', '2019-07-05 20:13:10'),
('LOG-1562398667-SWMB3-KAI3B-5AKPV-6W3LA', 'ID-1562346352-C5FI2-ZFGER-QW8WI-C61OM', 'login', '::1', 'Mozilla/5.0 (X11; Linux x86_64; rv:67.0) Gecko/20100101 Firefox/67.0', '2019-07-06 07:37:47'),
('LOG-1562411978-MNIXV-DQEYM-3X9JL-LVQIK', 'ID-1562346352-C5FI2-ZFGER-QW8WI-C61OM', 'login', '::1', 'Mozilla/5.0 (X11; Linux x86_64; rv:67.0) Gecko/20100101 Firefox/67.0', '2019-07-06 11:19:38'),
('LOG-1562424645-QS5TD-GDWVA-IWJRP-VNQRW', 'ID-1562346352-C5FI2-ZFGER-QW8WI-C61OM', 'login', '::1', 'Mozilla/5.0 (X11; Linux x86_64; rv:67.0) Gecko/20100101 Firefox/67.0', '2019-07-06 14:50:45'),
('LOG-1562445525-MM3B1-O6FSA-KHYVE-3KJZS', 'ID-1562346352-C5FI2-ZFGER-QW8WI-C61OM', 'login', '::1', 'Mozilla/5.0 (X11; Linux x86_64; rv:67.0) Gecko/20100101 Firefox/67.0', '2019-07-06 20:38:45'),
('LOG-1562449652-0P9D1-7AQE5-D3GE9-FNHI5', 'ID-1562346352-C5FI2-ZFGER-QW8WI-C61OM', 'login', '::1', 'Mozilla/5.0 (X11; Linux x86_64; rv:67.0) Gecko/20100101 Firefox/67.0', '2019-07-06 21:47:32'),
('LOG-1562451454-PP0OK-V6AM8-NSMJ5-I2UM3', 'ID-1562346352-C5FI2-ZFGER-QW8WI-C61OM', 'logout', '::1', 'Mozilla/5.0 (X11; Linux x86_64; rv:67.0) Gecko/20100101 Firefox/67.0', '2019-07-06 22:17:34'),
('LOG-1562451494-X2X67-PRX0K-SMI4I-V8ZVY', 'ID-1561733283-6S8CW-SG0AY-8YR2P-T935Z', 'login', '::1', 'Mozilla/5.0 (X11; Linux x86_64; rv:67.0) Gecko/20100101 Firefox/67.0', '2019-07-06 22:18:14'),
('LOG-1562451513-PM1QC-IFW56-VO6RA-5BNH0', 'ID-1561733283-6S8CW-SG0AY-8YR2P-T935Z', 'logout', '::1', 'Mozilla/5.0 (X11; Linux x86_64; rv:67.0) Gecko/20100101 Firefox/67.0', '2019-07-06 22:18:33'),
('LOG-1562451521-SSTMV-83BXR-H3IQH-2M0G9', 'ID-1561733460-HBLCZ-LIDOJ-4E54N-HZM53', 'login', '::1', 'Mozilla/5.0 (X11; Linux x86_64; rv:67.0) Gecko/20100101 Firefox/67.0', '2019-07-06 22:18:41'),
('LOG-1562451618-BIAFD-4SBH2-NB999-UK91O', 'ID-1561733460-HBLCZ-LIDOJ-4E54N-HZM53', 'logout', '::1', 'Mozilla/5.0 (X11; Linux x86_64; rv:67.0) Gecko/20100101 Firefox/67.0', '2019-07-06 22:20:18'),
('LOG-1562451634-JUIQ5-804GD-RGPQO-BFBZZ', 'ID-1562346352-C5FI2-ZFGER-QW8WI-C61OM', 'login', '::1', 'Mozilla/5.0 (X11; Linux x86_64; rv:67.0) Gecko/20100101 Firefox/67.0', '2019-07-06 22:20:34'),
('LOG-1562478938-J0HLQ-XFT74-FRWZN-HRCUS', 'ID-1562346352-C5FI2-ZFGER-QW8WI-C61OM', 'login', '::1', 'Mozilla/5.0 (X11; Linux x86_64; rv:67.0) Gecko/20100101 Firefox/67.0', '2019-07-07 05:55:38'),
('LOG-1562506391-653FO-KDV3W-FHBMZ-CZMFI', 'ID-1562346352-C5FI2-ZFGER-QW8WI-C61OM', 'login', '::1', 'Mozilla/5.0 (X11; Linux x86_64; rv:67.0) Gecko/20100101 Firefox/67.0', '2019-07-07 13:33:11'),
('LOG-1562507059-2HD87-ZCINF-8SB44-SOLGH', 'ID-1562346352-C5FI2-ZFGER-QW8WI-C61OM', 'logout', '::1', 'Mozilla/5.0 (X11; Linux x86_64; rv:67.0) Gecko/20100101 Firefox/67.0', '2019-07-07 13:44:19'),
('LOG-1562507068-BVSGF-TB8QL-UQLB0-10TA5', 'ID-1561733215-TB7EL-JY9AL-JXF9M-8JFSE', 'login', '::1', 'Mozilla/5.0 (X11; Linux x86_64; rv:67.0) Gecko/20100101 Firefox/67.0', '2019-07-07 13:44:28'),
('LOG-1562507305-FK7RS-M9TDA-NSU7E-IPCOH', 'ID-1561733215-TB7EL-JY9AL-JXF9M-8JFSE', 'logout', '::1', 'Mozilla/5.0 (X11; Linux x86_64; rv:67.0) Gecko/20100101 Firefox/67.0', '2019-07-07 13:48:25'),
('LOG-1562507314-Q1V8U-DUV4N-H4AU5-S35GT', 'ID-1562346352-C5FI2-ZFGER-QW8WI-C61OM', 'login', '::1', 'Mozilla/5.0 (X11; Linux x86_64; rv:67.0) Gecko/20100101 Firefox/67.0', '2019-07-07 13:48:34'),
('LOG-1562512556-II3RS-X965X-FUNYD-A1R1R', 'ID-1562346352-C5FI2-ZFGER-QW8WI-C61OM', 'logout', '::1', 'Mozilla/5.0 (X11; Linux x86_64; rv:67.0) Gecko/20100101 Firefox/67.0', '2019-07-07 15:15:56'),
('LOG-1562512604-Q972R-G0QH4-7H0RX-6KTA5', 'ID-1561733215-TB7EL-JY9AL-JXF9M-8JFSE', 'login', '::1', 'Mozilla/5.0 (X11; Linux x86_64; rv:67.0) Gecko/20100101 Firefox/67.0', '2019-07-07 15:16:44'),
('LOG-1562515902-BNJZU-94GJJ-68JAD-I6XRO', 'ID-1561733215-TB7EL-JY9AL-JXF9M-8JFSE', 'logout', '::1', 'Mozilla/5.0 (X11; Linux x86_64; rv:67.0) Gecko/20100101 Firefox/67.0', '2019-07-07 16:11:42'),
('LOG-1562535024-PSATV-61YKN-LIIXF-SLR00', 'ID-1562346352-C5FI2-ZFGER-QW8WI-C61OM', 'login', '::1', 'Mozilla/5.0 (X11; Linux x86_64; rv:67.0) Gecko/20100101 Firefox/67.0', '2019-07-07 21:30:24'),
('LOG-1562535781-T5TER-FJITU-1EM2K-EYH8B', 'ID-1562346352-C5FI2-ZFGER-QW8WI-C61OM', 'logout', '::1', 'Mozilla/5.0 (X11; Linux x86_64; rv:67.0) Gecko/20100101 Firefox/67.0', '2019-07-07 21:43:01'),
('LOG-1562590960-ZNZ2E-CLIE5-NVOS8-71P22', 'ID-1562346352-C5FI2-ZFGER-QW8WI-C61OM', 'login', '::1', 'Mozilla/5.0 (X11; Linux x86_64; rv:67.0) Gecko/20100101 Firefox/67.0', '2019-07-08 13:02:40'),
('LOG-1562590982-3DBQ3-ICF7O-149XL-M27EU', 'ID-1562346352-C5FI2-ZFGER-QW8WI-C61OM', 'logout', '::1', 'Mozilla/5.0 (X11; Linux x86_64; rv:67.0) Gecko/20100101 Firefox/67.0', '2019-07-08 13:03:02'),
('LOG-1562591054-XIY6D-26XII-6RHCR-JQAJU', 'ID-1562346352-C5FI2-ZFGER-QW8WI-C61OM', 'login', '::1', 'Mozilla/5.0 (X11; Linux x86_64; rv:67.0) Gecko/20100101 Firefox/67.0', '2019-07-08 13:04:14'),
('LOG-1562610140-4E9IM-21CM8-B4LU8-XVQGR', 'ID-1562346352-C5FI2-ZFGER-QW8WI-C61OM', 'logout', '::1', 'Mozilla/5.0 (X11; Linux x86_64; rv:67.0) Gecko/20100101 Firefox/67.0', '2019-07-08 18:22:20'),
('LOG-1562610457-T1Z2I-LZRT6-5PUFP-FZHVW', 'ID-1562346352-C5FI2-ZFGER-QW8WI-C61OM', 'login', '::1', 'Mozilla/5.0 (X11; Linux x86_64; rv:67.0) Gecko/20100101 Firefox/67.0', '2019-07-08 18:27:37'),
('LOG-1562624516-B3G5B-8DH5H-RXWLL-6ZN28', 'ID-1562346352-C5FI2-ZFGER-QW8WI-C61OM', 'logout', '::1', 'Mozilla/5.0 (X11; Linux x86_64; rv:67.0) Gecko/20100101 Firefox/67.0', '2019-07-08 22:21:56'),
('LOG-1562624526-YCDOS-SE7ET-ZDDPG-WWKL2', 'ID-1561733283-6S8CW-SG0AY-8YR2P-T935Z', 'login', '::1', 'Mozilla/5.0 (X11; Linux x86_64; rv:67.0) Gecko/20100101 Firefox/67.0', '2019-07-08 22:22:06'),
('LOG-1562642620-JRUJV-EVBN4-GR544-QVKGF', 'ID-1561733283-6S8CW-SG0AY-8YR2P-T935Z', 'login', '::1', 'Mozilla/5.0 (X11; Linux x86_64; rv:67.0) Gecko/20100101 Firefox/67.0', '2019-07-09 03:23:40'),
('LOG-1562645616-HUTRW-MHTCL-9V5LM-4LFAS', 'ID-1561733283-6S8CW-SG0AY-8YR2P-T935Z', 'logout', '::1', 'Mozilla/5.0 (X11; Linux x86_64; rv:67.0) Gecko/20100101 Firefox/67.0', '2019-07-09 04:13:36'),
('LOG-1562645624-4YTU5-YCXC8-9R9KD-AK105', 'ID-1562346352-C5FI2-ZFGER-QW8WI-C61OM', 'login', '::1', 'Mozilla/5.0 (X11; Linux x86_64; rv:67.0) Gecko/20100101 Firefox/67.0', '2019-07-09 04:13:44'),
('LOG-1562652394-YCHKB-8G5LT-LUGN5-VSPW0', 'ID-1562346352-C5FI2-ZFGER-QW8WI-C61OM', 'logout', '::1', 'Mozilla/5.0 (X11; Linux x86_64; rv:67.0) Gecko/20100101 Firefox/67.0', '2019-07-09 06:06:34'),
('LOG-1562652586-9W6A0-GACL9-7NEDM-P55XO', 'ID-1562346352-C5FI2-ZFGER-QW8WI-C61OM', 'login', '::1', 'Mozilla/5.0 (X11; Linux x86_64; rv:67.0) Gecko/20100101 Firefox/67.0', '2019-07-09 06:09:46'),
('LOG-1562653507-GS1XO-NU4S0-78AIS-GG2VR', 'ID-1562346352-C5FI2-ZFGER-QW8WI-C61OM', 'logout', '::1', 'Mozilla/5.0 (X11; Linux x86_64; rv:67.0) Gecko/20100101 Firefox/67.0', '2019-07-09 06:25:07'),
('LOG-1562653521-3XG6B-5QNA4-EW25K-KIOE0', 'ID-1561733215-TB7EL-JY9AL-JXF9M-8JFSE', 'login', '::1', 'Mozilla/5.0 (X11; Linux x86_64; rv:67.0) Gecko/20100101 Firefox/67.0', '2019-07-09 06:25:22'),
('LOG-1562654702-12EGE-HKP3M-O2GZL-LH68L', 'ID-1561733215-TB7EL-JY9AL-JXF9M-8JFSE', 'logout', '::1', 'Mozilla/5.0 (X11; Linux x86_64; rv:67.0) Gecko/20100101 Firefox/67.0', '2019-07-09 06:45:02'),
('LOG-1562654742-72KXB-8LMUD-LKET6-F5HHD', 'ID-1562346352-C5FI2-ZFGER-QW8WI-C61OM', 'login', '::1', 'Mozilla/5.0 (X11; Linux x86_64; rv:67.0) Gecko/20100101 Firefox/67.0', '2019-07-09 06:45:42'),
('LOG-1562654800-N41EJ-8SP42-Y0GU9-0DXUB', 'ID-1562346352-C5FI2-ZFGER-QW8WI-C61OM', 'logout', '::1', 'Mozilla/5.0 (X11; Linux x86_64; rv:67.0) Gecko/20100101 Firefox/67.0', '2019-07-09 06:46:40'),
('LOG-1562778380-T4ITO-KQOCV-22GR9-8QH0A', 'ID-1562346352-C5FI2-ZFGER-QW8WI-C61OM', 'login', '::1', 'Mozilla/5.0 (X11; Linux x86_64; rv:67.0) Gecko/20100101 Firefox/67.0', '2019-07-10 17:06:20'),
('LOG-1562792191-0P4K3-RW1ZV-JH55A-Q6EUB', 'ID-1562346352-C5FI2-ZFGER-QW8WI-C61OM', 'login', '::1', 'Mozilla/5.0 (X11; Linux x86_64; rv:67.0) Gecko/20100101 Firefox/67.0', '2019-07-10 20:56:31'),
('LOG-1562815550-7T7DS-B0FJB-IMI2P-NAXVG', 'ID-1561645830-7NHGN-B23R8-QYR9X-JR2BL', 'login', '::1', 'Mozilla/5.0 (X11; Linux x86_64; rv:67.0) Gecko/20100101 Firefox/67.0', '2019-07-11 03:25:50'),
('LOG-1562815637-WD0DJ-S5K7F-6T1WL-W4IAE', 'ID-1561645830-7NHGN-B23R8-QYR9X-JR2BL', 'logout', '::1', 'Mozilla/5.0 (X11; Linux x86_64; rv:67.0) Gecko/20100101 Firefox/67.0', '2019-07-11 03:27:17'),
('LOG-1562815698-REDQF-W6OTV-RN4W9-D3Q80', 'ID-1562346352-C5FI2-ZFGER-QW8WI-C61OM', 'login', '::1', 'Mozilla/5.0 (X11; Linux x86_64; rv:67.0) Gecko/20100101 Firefox/67.0', '2019-07-11 03:28:18'),
('LOG-1562815902-BIOT6-J5CWM-Q8KAL-Z0G4P', 'ID-1562346352-C5FI2-ZFGER-QW8WI-C61OM', 'logout', '::1', 'Mozilla/5.0 (X11; Linux x86_64; rv:67.0) Gecko/20100101 Firefox/67.0', '2019-07-11 03:31:42'),
('LOG-1562815919-WH4EW-TF9UW-RKZL0-BF0UO', 'ID-1561733215-TB7EL-JY9AL-JXF9M-8JFSE', 'login', '::1', 'Mozilla/5.0 (X11; Linux x86_64; rv:67.0) Gecko/20100101 Firefox/67.0', '2019-07-11 03:31:59'),
('LOG-1562815969-VBPYU-RHFW9-VI0TW-ZQDRL', 'ID-1561733215-TB7EL-JY9AL-JXF9M-8JFSE', 'logout', '::1', 'Mozilla/5.0 (X11; Linux x86_64; rv:67.0) Gecko/20100101 Firefox/67.0', '2019-07-11 03:32:49'),
('LOG-1563153754-CIYME-F8Y55-3BK90-U2I9E', 'ID-1561645830-7NHGN-B23R8-QYR9X-JR2BL', 'login', '::1', 'Mozilla/5.0 (X11; Linux x86_64; rv:67.0) Gecko/20100101 Firefox/67.0', '2019-07-15 01:22:34'),
('LOG-1563154113-0Y6M6-CI3H1-K2MIX-1T8TF', 'ID-1561645830-7NHGN-B23R8-QYR9X-JR2BL', 'logout', '::1', 'Mozilla/5.0 (X11; Linux x86_64; rv:67.0) Gecko/20100101 Firefox/67.0', '2019-07-15 01:28:33'),
('LOG-1563154124-QQLUQ-132XT-GIT0D-ZFLB0', 'ID-1561733215-TB7EL-JY9AL-JXF9M-8JFSE', 'login', '::1', 'Mozilla/5.0 (X11; Linux x86_64; rv:67.0) Gecko/20100101 Firefox/67.0', '2019-07-15 01:28:44'),
('LOG-1563154398-B9MN3-KL2CW-RFFNW-YT4IQ', 'ID-1561733215-TB7EL-JY9AL-JXF9M-8JFSE', 'logout', '::1', 'Mozilla/5.0 (X11; Linux x86_64; rv:67.0) Gecko/20100101 Firefox/67.0', '2019-07-15 01:33:18'),
('LOG-1563259788-BWCWB-ENB0R-4KMCY-MQG9Q', 'ID-1561645830-7NHGN-B23R8-QYR9X-JR2BL', 'login', '::1', 'Mozilla/5.0 (X11; Linux x86_64; rv:67.0) Gecko/20100101 Firefox/67.0', '2019-07-16 06:49:48'),
('LOG-1563259843-XN4G0-YBW0E-NR5KJ-VOT3N', 'ID-1561645830-7NHGN-B23R8-QYR9X-JR2BL', 'logout', '::1', 'Mozilla/5.0 (X11; Linux x86_64; rv:67.0) Gecko/20100101 Firefox/67.0', '2019-07-16 06:50:43'),
('LOG-1563260176-HAWRL-O5O0K-DE9U3-DQ5TA', 'ID-1561645830-7NHGN-B23R8-QYR9X-JR2BL', 'login', '::1', 'Mozilla/5.0 (X11; Linux x86_64; rv:67.0) Gecko/20100101 Firefox/67.0', '2019-07-16 06:56:16'),
('LOG-1563260363-EPPBV-I5SKV-L9CRT-KA3FL', 'ID-1561645830-7NHGN-B23R8-QYR9X-JR2BL', 'logout', '::1', 'Mozilla/5.0 (X11; Linux x86_64; rv:67.0) Gecko/20100101 Firefox/67.0', '2019-07-16 06:59:23'),
('LOG-1563260376-PSL58-81FFD-W58M5-ARA69', 'ID-1562346352-C5FI2-ZFGER-QW8WI-C61OM', 'login', '::1', 'Mozilla/5.0 (X11; Linux x86_64; rv:67.0) Gecko/20100101 Firefox/67.0', '2019-07-16 06:59:36'),
('LOG-1563260472-LIH70-4ZS3H-YLEQC-3U9FV', 'ID-1562346352-C5FI2-ZFGER-QW8WI-C61OM', 'logout', '::1', 'Mozilla/5.0 (X11; Linux x86_64; rv:67.0) Gecko/20100101 Firefox/67.0', '2019-07-16 07:01:12'),
('LOG-1563260781-14BHK-1W2YE-7ITHC-K259R', 'ID-1562346352-C5FI2-ZFGER-QW8WI-C61OM', 'login', '::1', 'Mozilla/5.0 (X11; Linux x86_64; rv:67.0) Gecko/20100101 Firefox/67.0', '2019-07-16 07:06:21'),
('LOG-1563264646-O5OZ4-JDBIC-EIG71-QNI4P', 'ID-1562346352-C5FI2-ZFGER-QW8WI-C61OM', 'logout', '::1', 'Mozilla/5.0 (X11; Linux x86_64; rv:67.0) Gecko/20100101 Firefox/67.0', '2019-07-16 08:10:46'),
('LOG-1563264682-IVRWZ-0FMJG-PLSP0-ZAM4Z', 'ID-1561733215-TB7EL-JY9AL-JXF9M-8JFSE', 'login', '::1', 'Mozilla/5.0 (X11; Linux x86_64; rv:67.0) Gecko/20100101 Firefox/67.0', '2019-07-16 08:11:22'),
('LOG-1563552599-XFEAY-IYF71-0OJ9J-9CN9I', 'ID-1562346352-C5FI2-ZFGER-QW8WI-C61OM', 'login', '::1', 'Mozilla/5.0 (X11; Linux x86_64; rv:67.0) Gecko/20100101 Firefox/67.0', '2019-07-19 16:09:59'),
('LOG-1563552869-OXXIE-D1NR1-TKSJQ-X8PZU', 'ID-1562346352-C5FI2-ZFGER-QW8WI-C61OM', 'logout', '::1', 'Mozilla/5.0 (X11; Linux x86_64; rv:67.0) Gecko/20100101 Firefox/67.0', '2019-07-19 16:14:29'),
('LOG-1563552877-WW855-KTSUD-2GCF7-C2PUK', 'ID-1561645830-7NHGN-B23R8-QYR9X-JR2BL', 'login', '::1', 'Mozilla/5.0 (X11; Linux x86_64; rv:67.0) Gecko/20100101 Firefox/67.0', '2019-07-19 16:14:37'),
('LOG-1563553021-Q1RUK-9MEFB-FSKYK-U8246', 'ID-1561645830-7NHGN-B23R8-QYR9X-JR2BL', 'logout', '::1', 'Mozilla/5.0 (X11; Linux x86_64; rv:67.0) Gecko/20100101 Firefox/67.0', '2019-07-19 16:17:01'),
('LOG-1563553029-HMLJY-RM20O-XUF54-DTU3B', 'ID-1561733215-TB7EL-JY9AL-JXF9M-8JFSE', 'login', '::1', 'Mozilla/5.0 (X11; Linux x86_64; rv:67.0) Gecko/20100101 Firefox/67.0', '2019-07-19 16:17:09'),
('LOG-1563616040-9Y6TJ-MAWKS-I6P96-YVPTV', 'ID-1562346352-C5FI2-ZFGER-QW8WI-C61OM', 'login', '::1', 'Mozilla/5.0 (X11; Linux x86_64; rv:68.0) Gecko/20100101 Firefox/68.0', '2019-07-20 09:47:20'),
('LOG-1563624991-18OMY-AZBZU-CGIJ6-4GTWX', 'ID-1562346352-C5FI2-ZFGER-QW8WI-C61OM', 'logout', '::1', 'Mozilla/5.0 (X11; Linux x86_64; rv:68.0) Gecko/20100101 Firefox/68.0', '2019-07-20 12:16:31'),
('LOG-1563648019-JIXWR-UTY58-SUW5R-DVJOS', 'ID-1561733414-44FAX-FUTWZ-EZ3E9-565XP', 'login', '::1', 'Mozilla/5.0 (X11; Linux x86_64; rv:68.0) Gecko/20100101 Firefox/68.0', '2019-07-20 18:40:19'),
('LOG-1563648066-8832X-53H3A-6YR1U-ABRB8', 'ID-1561733414-44FAX-FUTWZ-EZ3E9-565XP', 'logout', '::1', 'Mozilla/5.0 (X11; Linux x86_64; rv:68.0) Gecko/20100101 Firefox/68.0', '2019-07-20 18:41:06'),
('LOG-1563648094-BAGL9-7T6NI-CYCSX-SYPXF', 'ID-1561733414-44FAX-FUTWZ-EZ3E9-565XP', 'login', '::1', 'Mozilla/5.0 (X11; Linux x86_64; rv:68.0) Gecko/20100101 Firefox/68.0', '2019-07-20 18:41:34'),
('LOG-1563648113-2JNPL-YIORK-BIU92-8DK3V', 'ID-1561733414-44FAX-FUTWZ-EZ3E9-565XP', 'logout', '::1', 'Mozilla/5.0 (X11; Linux x86_64; rv:68.0) Gecko/20100101 Firefox/68.0', '2019-07-20 18:41:53'),
('LOG-1563664562-2F51P-1PNT6-ZGOVP-FLDHT', 'ID-1562346352-C5FI2-ZFGER-QW8WI-C61OM', 'login', '::1', 'Mozilla/5.0 (X11; Linux x86_64; rv:68.0) Gecko/20100101 Firefox/68.0', '2019-07-20 23:16:02'),
('LOG-1563697781-8F86U-5E1JH-ZYLZH-8PQPO', 'ID-1562346352-C5FI2-ZFGER-QW8WI-C61OM', 'login', '::1', 'Mozilla/5.0 (X11; Linux x86_64; rv:68.0) Gecko/20100101 Firefox/68.0', '2019-07-21 08:29:41'),
('LOG-1563742811-OX9X0-7OLR4-Q7RBC-K42DG', 'ID-1561733215-TB7EL-JY9AL-JXF9M-8JFSE', 'login', '::1', 'Mozilla/5.0 (X11; Linux x86_64; rv:68.0) Gecko/20100101 Firefox/68.0', '2019-07-21 21:00:11'),
('LOG-1563823665-2F66Y-LNS47-8B68S-VPB6T', 'ID-1562346352-C5FI2-ZFGER-QW8WI-C61OM', 'login', '::1', 'Mozilla/5.0 (X11; Linux x86_64; rv:68.0) Gecko/20100101 Firefox/68.0', '2019-07-22 19:27:45'),
('LOG-1563843803-S1GIL-7ZGVK-NZL76-2MIX4', 'ID-1562346352-C5FI2-ZFGER-QW8WI-C61OM', 'login', '::1', 'Mozilla/5.0 (X11; Linux x86_64; rv:68.0) Gecko/20100101 Firefox/68.0', '2019-07-23 01:03:23'),
('LOG-1563927063-TQ8CS-AJSJX-W7PU1-6NTQD', 'ID-1562346352-C5FI2-ZFGER-QW8WI-C61OM', 'login', '::1', 'Mozilla/5.0 (X11; Linux x86_64; rv:68.0) Gecko/20100101 Firefox/68.0', '2019-07-24 00:11:03'),
('LOG-1563934227-974ZD-0RKZ8-FSCSK-DSLQV', 'ID-1562346352-C5FI2-ZFGER-QW8WI-C61OM', 'logout', '::1', 'Mozilla/5.0 (X11; Linux x86_64; rv:68.0) Gecko/20100101 Firefox/68.0', '2019-07-24 02:10:27'),
('LOG-1563934240-UUDB2-3WR0B-IM8Z4-IXIZN', 'ID-1562346352-C5FI2-ZFGER-QW8WI-C61OM', 'login', '::1', 'Mozilla/5.0 (X11; Linux x86_64; rv:68.0) Gecko/20100101 Firefox/68.0', '2019-07-24 02:10:40'),
('LOG-1563934464-17GXM-FLRM6-YCHLO-OAP7X', 'ID-1562346352-C5FI2-ZFGER-QW8WI-C61OM', 'logout', '::1', 'Mozilla/5.0 (X11; Linux x86_64; rv:68.0) Gecko/20100101 Firefox/68.0', '2019-07-24 02:14:24'),
('LOG-1563934472-9V4HJ-BTGW7-447N3-2AMOA', 'ID-1561733215-TB7EL-JY9AL-JXF9M-8JFSE', 'login', '::1', 'Mozilla/5.0 (X11; Linux x86_64; rv:68.0) Gecko/20100101 Firefox/68.0', '2019-07-24 02:14:32'),
('LOG-1563953643-UOTZB-VSUWC-TYMTE-2AB1B', 'ID-1561645830-7NHGN-B23R8-QYR9X-JR2BL', 'login', '::1', 'Mozilla/5.0 (X11; Linux x86_64; rv:68.0) Gecko/20100101 Firefox/68.0', '2019-07-24 07:34:03'),
('LOG-1563969836-74HCV-A7VTB-PUXO5-12WOB', 'ID-1561645830-7NHGN-B23R8-QYR9X-JR2BL', 'login', '::1', 'Mozilla/5.0 (X11; Linux x86_64; rv:68.0) Gecko/20100101 Firefox/68.0', '2019-07-24 12:03:56'),
('LOG-1563970509-BBXQF-9Q6Z2-0CVFE-L685O', 'ID-1561645830-7NHGN-B23R8-QYR9X-JR2BL', 'login', '::1', 'Mozilla/5.0 (X11; Linux x86_64; rv:68.0) Gecko/20100101 Firefox/68.0', '2019-07-24 12:15:09'),
('LOG-1563970691-JT99N-25TCO-0G4ZR-BATPS', 'ID-1561645830-7NHGN-B23R8-QYR9X-JR2BL', 'login', '::1', 'Mozilla/5.0 (X11; Linux x86_64; rv:68.0) Gecko/20100101 Firefox/68.0', '2019-07-24 12:18:11'),
('LOG-1563970746-2R3HG-50Y6W-46G2H-GNUEC', 'ID-1561645830-7NHGN-B23R8-QYR9X-JR2BL', 'login', '::1', 'Mozilla/5.0 (X11; Linux x86_64; rv:68.0) Gecko/20100101 Firefox/68.0', '2019-07-24 12:19:06'),
('LOG-1563971026-9UCPG-NTG49-GXWS8-HVXA6', 'ID-1561645830-7NHGN-B23R8-QYR9X-JR2BL', 'logout', '::1', 'Mozilla/5.0 (X11; Linux x86_64; rv:68.0) Gecko/20100101 Firefox/68.0', '2019-07-24 12:23:46'),
('LOG-1563971035-RC8XQ-BFT98-X2GK9-OPNJ6', 'ID-1561645830-7NHGN-B23R8-QYR9X-JR2BL', 'login', '::1', 'Mozilla/5.0 (X11; Linux x86_64; rv:68.0) Gecko/20100101 Firefox/68.0', '2019-07-24 12:23:55'),
('LOG-1563971161-FOXQX-8Y7S9-UVWHA-LTNKE', 'ID-1561645830-7NHGN-B23R8-QYR9X-JR2BL', 'login', '::1', 'Mozilla/5.0 (X11; Linux x86_64; rv:68.0) Gecko/20100101 Firefox/68.0', '2019-07-24 12:26:01'),
('LOG-1563972927-L6K6C-9MEAY-VOIB7-6J03M', 'ID-1562346352-C5FI2-ZFGER-QW8WI-C61OM', 'logout', '::1', 'Mozilla/5.0 (X11; Linux x86_64; rv:68.0) Gecko/20100101 Firefox/68.0', '2019-07-24 12:55:27'),
('LOG-1563972940-6RAJ5-AWX74-XT3T7-QETIS', 'ID-1561645830-7NHGN-B23R8-QYR9X-JR2BL', 'login', '::1', 'Mozilla/5.0 (X11; Linux x86_64; rv:68.0) Gecko/20100101 Firefox/68.0', '2019-07-24 12:55:40'),
('LOG-1563988067-J9XMQ-215PM-JEVS1-C9NSI', 'ID-1561645830-7NHGN-B23R8-QYR9X-JR2BL', 'login', '::1', 'Mozilla/5.0 (X11; Linux x86_64; rv:68.0) Gecko/20100101 Firefox/68.0', '2019-07-24 17:07:47'),
('LOG-1564035627-AXFYR-U1FWV-9ARS5-MDVMF', 'ID-1561645830-7NHGN-B23R8-QYR9X-JR2BL', 'login', '::1', 'Mozilla/5.0 (X11; Linux x86_64; rv:68.0) Gecko/20100101 Firefox/68.0', '2019-07-25 06:20:27'),
('LOG-1564051845-QETMQ-B701H-Z27PS-5C9PC', 'ID-1561645830-7NHGN-B23R8-QYR9X-JR2BL', 'login', '::1', 'Mozilla/5.0 (X11; Linux x86_64; rv:68.0) Gecko/20100101 Firefox/68.0', '2019-07-25 10:50:45'),
('LOG-1564113450-N5LR9-A60OF-GBGAW-H4U0V', 'ID-1561645830-7NHGN-B23R8-QYR9X-JR2BL', 'login', '::1', 'Mozilla/5.0 (X11; Linux x86_64; rv:68.0) Gecko/20100101 Firefox/68.0', '2019-07-26 03:57:30'),
('LOG-1564144360-VX9AZ-Q652M-3F8Z7-B5ZKF', 'ID-1561645830-7NHGN-B23R8-QYR9X-JR2BL', 'login', '::1', 'Mozilla/5.0 (X11; Linux x86_64; rv:68.0) Gecko/20100101 Firefox/68.0', '2019-07-26 12:32:40'),
('LOG-1564339521-J7IB9-N10OO-CMHP8-WULR3', 'ID-1561645830-7NHGN-B23R8-QYR9X-JR2BL', 'login', '::1', 'Mozilla/5.0 (X11; Linux x86_64; rv:68.0) Gecko/20100101 Firefox/68.0', '2019-07-28 18:45:21'),
('LOG-1564344284-3WCOI-9II3D-VMQS9-NYU8V', 'ID-1561645830-7NHGN-B23R8-QYR9X-JR2BL', 'logout', '::1', 'Mozilla/5.0 (X11; Linux x86_64; rv:68.0) Gecko/20100101 Firefox/68.0', '2019-07-28 20:04:44'),
('LOG-1564344397-K0ONE-LAU31-TN197-ANQ4M', 'ID-1561645830-7NHGN-B23R8-QYR9X-JR2BL', 'login', '::1', 'Mozilla/5.0 (X11; Linux x86_64; rv:68.0) Gecko/20100101 Firefox/68.0', '2019-07-28 20:06:37'),
('LOG-1564387399-W8GU0-EUVGC-CZQFP-EG09S', 'ID-1561645830-7NHGN-B23R8-QYR9X-JR2BL', 'login', '::1', 'Mozilla/5.0 (X11; Linux x86_64; rv:68.0) Gecko/20100101 Firefox/68.0', '2019-07-29 08:03:19'),
('LOG-1564387776-WBPWQ-VTAL5-ZUBB6-P98AB', 'ID-1561645830-7NHGN-B23R8-QYR9X-JR2BL', 'logout', '::1', 'Mozilla/5.0 (X11; Linux x86_64; rv:68.0) Gecko/20100101 Firefox/68.0', '2019-07-29 08:09:36'),
('LOG-1564387800-A68PP-XG4LT-N2O0A-7HWF2', 'ID-1561733215-TB7EL-JY9AL-JXF9M-8JFSE', 'login', '::1', 'Mozilla/5.0 (X11; Linux x86_64; rv:68.0) Gecko/20100101 Firefox/68.0', '2019-07-29 08:10:00'),
('LOG-1564412149-4JGOW-BW3Y6-5899P-FBDGS', 'ID-1561645830-7NHGN-B23R8-QYR9X-JR2BL', 'login', '::1', 'Mozilla/5.0 (X11; Linux x86_64; rv:68.0) Gecko/20100101 Firefox/68.0', '2019-07-29 14:55:49'),
('LOG-1564423182-WNFAX-IKEW1-UWP2I-19CI2', 'ID-1561733215-TB7EL-JY9AL-JXF9M-8JFSE', 'logout', '::1', 'Mozilla/5.0 (X11; Linux x86_64; rv:68.0) Gecko/20100101 Firefox/68.0', '2019-07-29 17:59:42'),
('LOG-1564423188-193LY-ZEVUU-G2YGK-KTDQZ', 'ID-1561733215-TB7EL-JY9AL-JXF9M-8JFSE', 'login', '::1', 'Mozilla/5.0 (X11; Linux x86_64; rv:68.0) Gecko/20100101 Firefox/68.0', '2019-07-29 17:59:48'),
('LOG-1564423565-9A4TW-ASCYQ-NBJ8B-5JOFX', 'ID-1561733215-TB7EL-JY9AL-JXF9M-8JFSE', 'logout', '::1', 'Mozilla/5.0 (X11; Linux x86_64; rv:68.0) Gecko/20100101 Firefox/68.0', '2019-07-29 18:06:05'),
('LOG-1564423573-BTNQ2-1UIQV-2S9AQ-OY1LO', 'ID-1561645830-7NHGN-B23R8-QYR9X-JR2BL', 'login', '::1', 'Mozilla/5.0 (X11; Linux x86_64; rv:68.0) Gecko/20100101 Firefox/68.0', '2019-07-29 18:06:13'),
('LOG-1564423609-RY1YA-5YDBM-6XFVM-XY4GR', 'ID-1561645830-7NHGN-B23R8-QYR9X-JR2BL', 'logout', '::1', 'Mozilla/5.0 (X11; Linux x86_64; rv:68.0) Gecko/20100101 Firefox/68.0', '2019-07-29 18:06:49'),
('LOG-1564423616-6H3KL-6BFJ3-AN9MX-XZ8CP', 'ID-1561733215-TB7EL-JY9AL-JXF9M-8JFSE', 'login', '::1', 'Mozilla/5.0 (X11; Linux x86_64; rv:68.0) Gecko/20100101 Firefox/68.0', '2019-07-29 18:06:56'),
('LOG-1564423627-8IESN-X6ZD1-1982T-3H1LE', 'ID-1561733215-TB7EL-JY9AL-JXF9M-8JFSE', 'logout', '::1', 'Mozilla/5.0 (X11; Linux x86_64; rv:68.0) Gecko/20100101 Firefox/68.0', '2019-07-29 18:07:07'),
('LOG-1564423635-GOS24-GJE72-JW2CG-CE0CD', 'ID-1561645830-7NHGN-B23R8-QYR9X-JR2BL', 'login', '::1', 'Mozilla/5.0 (X11; Linux x86_64; rv:68.0) Gecko/20100101 Firefox/68.0', '2019-07-29 18:07:15'),
('LOG-1564423914-7FNYH-MZMSF-HF0XS-YD7EV', 'ID-1562346352-C5FI2-ZFGER-QW8WI-C61OM', 'logout', '::1', 'Mozilla/5.0 (X11; Linux x86_64; rv:68.0) Gecko/20100101 Firefox/68.0', '2019-07-29 18:11:54'),
('LOG-1564423922-HP0AX-S2Q3I-K9E7O-90KXF', 'ID-1561645830-7NHGN-B23R8-QYR9X-JR2BL', 'login', '::1', 'Mozilla/5.0 (X11; Linux x86_64; rv:68.0) Gecko/20100101 Firefox/68.0', '2019-07-29 18:12:02'),
('LOG-1564425296-YH5IZ-YAGMJ-JE341-2ZN2B', 'ID-1561733215-TB7EL-JY9AL-JXF9M-8JFSE', 'logout', '::1', 'Mozilla/5.0 (X11; Linux x86_64; rv:68.0) Gecko/20100101 Firefox/68.0', '2019-07-29 18:34:56'),
('LOG-1564426341-BH3NZ-36UVB-PBZEB-SAA3S', 'ID-1561645830-7NHGN-B23R8-QYR9X-JR2BL', 'login', '::1', 'Mozilla/5.0 (X11; Linux x86_64; rv:68.0) Gecko/20100101 Firefox/68.0', '2019-07-29 18:52:21'),
('LOG-1564428593-QJTN3-0Z5TP-86MDC-STY0R', 'ID-1561645830-7NHGN-B23R8-QYR9X-JR2BL', 'logout', '::1', 'Mozilla/5.0 (X11; Linux x86_64; rv:68.0) Gecko/20100101 Firefox/68.0', '2019-07-29 19:29:53'),
('LOG-1564429699-8BSLG-PF0H0-0Y97Y-994A5', 'ID-1561645830-7NHGN-B23R8-QYR9X-JR2BL', 'login', '::1', 'Mozilla/5.0 (X11; Linux x86_64; rv:68.0) Gecko/20100101 Firefox/68.0', '2019-07-29 19:48:19'),
('LOG-1564437154-ZT55D-CB0T0-1XUBW-MXZQ4', 'ID-1562346352-C5FI2-ZFGER-QW8WI-C61OM', 'logout', '::1', 'Mozilla/5.0 (X11; Linux x86_64; rv:68.0) Gecko/20100101 Firefox/68.0', '2019-07-29 21:52:34'),
('LOG-1564437442-EOQ7T-A6DS8-81233-VDSQ8', 'ID-1561645830-7NHGN-B23R8-QYR9X-JR2BL', 'login', '::1', 'Mozilla/5.0 (X11; Linux x86_64; rv:68.0) Gecko/20100101 Firefox/68.0', '2019-07-29 21:57:22'),
('LOG-1564443803-ZLJGX-8MOBK-NLHRX-LM484', 'ID-1561645830-7NHGN-B23R8-QYR9X-JR2BL', 'logout', '::1', 'Mozilla/5.0 (X11; Linux x86_64; rv:68.0) Gecko/20100101 Firefox/68.0', '2019-07-29 23:43:23'),
('LOG-1564443820-N11VT-FS83G-U0T8O-3CAZW', 'ID-1561645830-7NHGN-B23R8-QYR9X-JR2BL', 'login', '::1', 'Mozilla/5.0 (X11; Linux x86_64; rv:68.0) Gecko/20100101 Firefox/68.0', '2019-07-29 23:43:40'),
('LOG-1564443824-P36FU-42WS4-W9KLF-6ELCA', 'ID-1561645830-7NHGN-B23R8-QYR9X-JR2BL', 'logout', '::1', 'Mozilla/5.0 (X11; Linux x86_64; rv:68.0) Gecko/20100101 Firefox/68.0', '2019-07-29 23:43:44'),
('LOG-1564447825-D19ZM-RMXWU-95S4S-CK5BR', 'ID-1561645830-7NHGN-B23R8-QYR9X-JR2BL', 'login', '::1', 'Mozilla/5.0 (X11; Linux x86_64; rv:68.0) Gecko/20100101 Firefox/68.0', '2019-07-30 00:50:25'),
('LOG-1564452030-KOBE6-LAWSI-9REIX-HCGWV', 'ID-1561645830-7NHGN-B23R8-QYR9X-JR2BL', 'logout', '::1', 'Mozilla/5.0 (X11; Linux x86_64; rv:68.0) Gecko/20100101 Firefox/68.0', '2019-07-30 02:00:30'),
('LOG-1564678508-FWVSV-VUKSR-03ZQS-8M53L', 'ID-1561645830-7NHGN-B23R8-QYR9X-JR2BL', 'login', '::1', 'Mozilla/5.0 (X11; Linux x86_64; rv:68.0) Gecko/20100101 Firefox/68.0', '2019-08-01 16:55:08'),
('LOG-1564693541-RFKNF-NDWAB-GRZLI-01820', 'ID-1562346352-C5FI2-ZFGER-QW8WI-C61OM', 'logout', '::1', 'Mozilla/5.0 (X11; Linux x86_64; rv:68.0) Gecko/20100101 Firefox/68.0', '2019-08-01 21:05:41'),
('LOG-1564693584-IQ61D-EOMHE-A2TL8-J06KH', 'ID-1564693567-F0YJJ-SHDUM-OAUMI-N3I8J', 'login', '::1', 'Mozilla/5.0 (X11; Linux x86_64; rv:68.0) Gecko/20100101 Firefox/68.0', '2019-08-01 21:06:24'),
('LOG-1564693623-9Z5NJ-UJ77Y-YC0X2-P3CSC', 'ID-1564693567-F0YJJ-SHDUM-OAUMI-N3I8J', 'logout', '::1', 'Mozilla/5.0 (X11; Linux x86_64; rv:68.0) Gecko/20100101 Firefox/68.0', '2019-08-01 21:07:03'),
('LOG-1564693630-RR5B1-5HWQC-0QD9O-BVRC2', 'ID-1561645830-7NHGN-B23R8-QYR9X-JR2BL', 'login', '::1', 'Mozilla/5.0 (X11; Linux x86_64; rv:68.0) Gecko/20100101 Firefox/68.0', '2019-08-01 21:07:10'),
('LOG-1564697206-4SG7B-N7475-L00P6-H9M8Q', 'ID-1562346352-C5FI2-ZFGER-QW8WI-C61OM', 'logout', '::1', 'Mozilla/5.0 (X11; Linux x86_64; rv:68.0) Gecko/20100101 Firefox/68.0', '2019-08-01 22:06:46'),
('LOG-1564697279-ABH22-CB5WF-NJ10T-AFX4F', 'ID-1561645830-7NHGN-B23R8-QYR9X-JR2BL', 'login', '::1', 'Mozilla/5.0 (X11; Linux x86_64; rv:68.0) Gecko/20100101 Firefox/68.0', '2019-08-01 22:07:59'),
('LOG-1564699313-4X5NW-TSRFR-ELWSQ-F4GIX', 'ID-1561645830-7NHGN-B23R8-QYR9X-JR2BL', 'logout', '::1', 'Mozilla/5.0 (X11; Linux x86_64; rv:68.0) Gecko/20100101 Firefox/68.0', '2019-08-01 22:41:53'),
('LOG-1564699402-VG0JN-YAX8Y-8XML6-STFUO', 'ID-1561645830-7NHGN-B23R8-QYR9X-JR2BL', 'login', '::1', 'Mozilla/5.0 (X11; Linux x86_64; rv:68.0) Gecko/20100101 Firefox/68.0', '2019-08-01 22:43:22'),
('LOG-1564726078-5RRCS-HN2AN-0HTWA-G7AZP', 'ID-1562346352-C5FI2-ZFGER-QW8WI-C61OM', 'login', '::1', 'Mozilla/5.0 (X11; Linux x86_64; rv:68.0) Gecko/20100101 Firefox/68.0', '2019-08-02 06:07:58'),
('LOG-1564752581-WOLMR-Y6421-GTLRN-6WC95', 'ID-1561645830-7NHGN-B23R8-QYR9X-JR2BL', 'login', '::1', 'Mozilla/5.0 (X11; Linux x86_64; rv:68.0) Gecko/20100101 Firefox/68.0', '2019-08-02 13:29:41'),
('LOG-1564761136-3O6MV-QO5FJ-C9GTL-5QPY8', 'ID-1564699341-OOUXY-2AQW0-EG0K6-U1XPL', 'login', '::1', 'Mozilla/5.0 (X11; Linux x86_64; rv:68.0) Gecko/20100101 Firefox/68.0', '2019-08-02 15:52:16'),
('LOG-1564761141-1KRRZ-SW3SC-BRT0C-LHD56', 'ID-1564699341-OOUXY-2AQW0-EG0K6-U1XPL', 'logout', '::1', 'Mozilla/5.0 (X11; Linux x86_64; rv:68.0) Gecko/20100101 Firefox/68.0', '2019-08-02 15:52:21'),
('LOG-1564761156-UNY5G-UHR5H-A6GR9-G5XUK', 'ID-1561645830-7NHGN-B23R8-QYR9X-JR2BL', 'login', '::1', 'Mozilla/5.0 (X11; Linux x86_64; rv:68.0) Gecko/20100101 Firefox/68.0', '2019-08-02 15:52:36'),
('LOG-1564802421-U38B6-BOP38-2LT1L-EGRLC', 'ID-1561645830-7NHGN-B23R8-QYR9X-JR2BL', 'login', '::1', 'Mozilla/5.0 (X11; Linux x86_64; rv:68.0) Gecko/20100101 Firefox/68.0', '2019-08-03 03:20:21'),
('LOG-1564816053-FUVJ4-M6RR5-CU2QP-WT04K', 'ID-1562346352-C5FI2-ZFGER-QW8WI-C61OM', 'login', '::1', 'Mozilla/5.0 (X11; Linux x86_64; rv:68.0) Gecko/20100101 Firefox/68.0', '2019-08-03 07:07:33'),
('LOG-1566314283-RKGH4-CLZV4-EXG1J-I0QWZ', 'ID-1561645830-7NHGN-B23R8-QYR9X-JR2BL', 'login', '::1', 'Mozilla/5.0 (X11; Linux x86_64; rv:68.0) Gecko/20100101 Firefox/68.0', '2019-08-20 15:18:03'),
('LOG-1566314922-8S174-DTH1K-YGZKA-3AB4O', 'ID-1561733215-TB7EL-JY9AL-JXF9M-8JFSE', 'logout', '::1', 'Mozilla/5.0 (X11; Linux x86_64; rv:68.0) Gecko/20100101 Firefox/68.0', '2019-08-20 15:28:42'),
('LOG-1566323492-2WFN5-U7MA4-O0VS7-63UC0', 'ID-1561645830-7NHGN-B23R8-QYR9X-JR2BL', 'login', '::1', 'Mozilla/5.0 (X11; Linux x86_64; rv:68.0) Gecko/20100101 Firefox/68.0', '2019-08-20 17:51:32'),
('LOG-1566370735-G1F2H-5RKUZ-L9485-Y4PQA', 'ID-1561645830-7NHGN-B23R8-QYR9X-JR2BL', 'login', '::1', 'Mozilla/5.0 (X11; Linux x86_64; rv:68.0) Gecko/20100101 Firefox/68.0', '2019-08-21 06:58:55'),
('LOG-1566370744-M8JHF-KV1D4-ACV8Q-LBQIE', 'ID-1561645830-7NHGN-B23R8-QYR9X-JR2BL', 'logout', '::1', 'Mozilla/5.0 (X11; Linux x86_64; rv:68.0) Gecko/20100101 Firefox/68.0', '2019-08-21 06:59:04'),
('LOG-1566370951-4CFZW-IF3FQ-SRXY2-SFZN4', 'ID-1561645830-7NHGN-B23R8-QYR9X-JR2BL', 'login', '::1', 'Mozilla/5.0 (X11; Linux x86_64; rv:68.0) Gecko/20100101 Firefox/68.0', '2019-08-21 07:02:31'),
('LOG-1566408490-C18FQ-8TTU5-5RDBI-4D8JS', 'ID-1561733215-TB7EL-JY9AL-JXF9M-8JFSE', 'login', '::1', 'Mozilla/5.0 (X11; Linux x86_64; rv:68.0) Gecko/20100101 Firefox/68.0', '2019-08-21 17:28:10'),
('LOG-1566410189-BI1RO-IIEFO-WADHM-DSGX9', 'ID-1561733215-TB7EL-JY9AL-JXF9M-8JFSE', 'logout', '::1', 'Mozilla/5.0 (X11; Linux x86_64; rv:68.0) Gecko/20100101 Firefox/68.0', '2019-08-21 17:56:29'),
('LOG-1566410198-EL5J5-5XBQ0-HL41J-MT1AI', 'ID-1561645830-7NHGN-B23R8-QYR9X-JR2BL', 'login', '::1', 'Mozilla/5.0 (X11; Linux x86_64; rv:68.0) Gecko/20100101 Firefox/68.0', '2019-08-21 17:56:38'),
('LOG-1566503982-0BF0P-KFWFN-0XD5Y-4Y136', 'ID-1561645830-7NHGN-B23R8-QYR9X-JR2BL', 'login', '::1', 'Mozilla/5.0 (X11; Linux x86_64; rv:68.0) Gecko/20100101 Firefox/68.0', '2019-08-22 19:59:42'),
('LOG-1566505869-JJCG7-XVVSR-3B45N-SQ4CN', 'ID-1561645830-7NHGN-B23R8-QYR9X-JR2BL', 'logout', '::1', 'Mozilla/5.0 (X11; Linux x86_64; rv:68.0) Gecko/20100101 Firefox/68.0', '2019-08-22 20:31:09'),
('LOG-1566505877-5OVDS-300UC-8HIZV-3A0TU', 'ID-1561645830-7NHGN-B23R8-QYR9X-JR2BL', 'login', '::1', 'Mozilla/5.0 (X11; Linux x86_64; rv:68.0) Gecko/20100101 Firefox/68.0', '2019-08-22 20:31:17'),
('LOG-1566548495-O4G1D-WX0A0-00QNY-TGPXL', 'ID-1561645830-7NHGN-B23R8-QYR9X-JR2BL', 'login', '::1', 'Mozilla/5.0 (X11; Linux x86_64; rv:68.0) Gecko/20100101 Firefox/68.0', '2019-08-23 08:21:35'),
('LOG-1566586427-BWTVB-EFEYY-FOWBH-B48D1', 'ID-1561645830-7NHGN-B23R8-QYR9X-JR2BL', 'login', '::1', 'Mozilla/5.0 (X11; Linux x86_64; rv:68.0) Gecko/20100101 Firefox/68.0', '2019-08-23 18:53:47'),
('LOG-1566790445-ZSFNN-5DXEI-7MQTF-8EXL4', 'ID-1561645830-7NHGN-B23R8-QYR9X-JR2BL', 'login', '::1', 'Mozilla/5.0 (X11; Linux x86_64; rv:68.0) Gecko/20100101 Firefox/68.0', '2019-08-26 03:34:05'),
('LOG-1566891333-9SLLF-YEZ3N-R4OCW-S3VC0', 'ID-1561645830-7NHGN-B23R8-QYR9X-JR2BL', 'login', '::1', 'Mozilla/5.0 (X11; Linux x86_64; rv:68.0) Gecko/20100101 Firefox/68.0', '2019-08-27 07:35:33');

-- --------------------------------------------------------

--
-- Table structure for table `t_user`
--

CREATE TABLE `t_user` (
  `id_user` varchar(50) NOT NULL,
  `u_pass` varchar(200) NOT NULL,
  `u_email` varchar(320) NOT NULL,
  `r_lvl` tinyint(4) NOT NULL,
  `u_block` enum('N','Y') NOT NULL DEFAULT 'N',
  `u_appr` enum('N','Y') NOT NULL DEFAULT 'N',
  `timestamp_d` timestamp NOT NULL DEFAULT CURRENT_TIMESTAMP ON UPDATE CURRENT_TIMESTAMP
) ENGINE=InnoDB DEFAULT CHARSET=latin1;

--
-- Dumping data for table `t_user`
--

INSERT INTO `t_user` (`id_user`, `u_pass`, `u_email`, `r_lvl`, `u_block`, `u_appr`, `timestamp_d`) VALUES
('ID-1561645830-7NHGN-B23R8-QYR9X-JR2BL', '742a8771acda76ffef3d8d78aa6c06c7', 'rsamrz@pm.me', 1, 'N', 'Y', '2019-06-27 14:36:33'),
('ID-1561733215-TB7EL-JY9AL-JXF9M-8JFSE', '47f817e1588c77305b6997e6e07c9090', 'desty10irmayanti@yahoo.com', 3, 'N', 'Y', '2019-06-28 14:51:54'),
('ID-1561733263-4KR0A-V8XDE-V9N1B-VCSC5', '47f817e1588c77305b6997e6e07c9090', 'fatimahuwi1302@gmail.com', 3, 'N', 'Y', '2019-06-28 14:51:54'),
('ID-1561733283-6S8CW-SG0AY-8YR2P-T935Z', '47f817e1588c77305b6997e6e07c9090', 'hannaap@outlook.com', 3, 'N', 'Y', '2019-06-28 14:51:54'),
('ID-1561733350-980OG-7VAEE-UE5NM-M9CJZ', 'daadc977447f6c116fddd2e0446ec37f', 'digitalstandard@gmail.com', 4, 'N', 'Y', '2019-07-24 20:55:48'),
('ID-1561733414-44FAX-FUTWZ-EZ3E9-565XP', 'daadc977447f6c116fddd2e0446ec37f', 'dewanitrahz@yahoo.com', 4, 'N', 'Y', '2019-06-28 14:51:54'),
('ID-1561733460-HBLCZ-LIDOJ-4E54N-HZM53', 'daadc977447f6c116fddd2e0446ec37f', 'tbmakmur@yahoo.co.id', 4, 'N', 'Y', '2019-06-28 14:51:54'),
('ID-1562346352-C5FI2-ZFGER-QW8WI-C61OM', 'daadc977447f6c116fddd2e0446ec37f', '14041@cimbniaga.co.id', 4, 'N', 'Y', '2019-07-24 20:54:38'),
('ID-1563260091-TAU9S-358SD-074HZ-RNN52', '938b4263f09b8b1dae8f027d06681ec9', 'rezi1@gmail.com', 4, 'N', 'Y', '2019-07-16 06:57:43'),
('ID-1564344385-Q6V2Y-2XGXN-QFM7S-7KO4L', 'f5df3bde70b7b7ab67ce0e00edcb1951', 'ecepcecep@yahoo.com', 5, 'N', 'Y', '2019-07-28 20:06:25'),
('ID-1564426285-H5IMD-MF1GM-GXR50-OZSMO', 'adfab9c56b8b16d6c067f8d3cff8818e', 'umum1@pm.me', 5, 'N', 'Y', '2019-07-29 18:51:25'),
('ID-1564426308-NYCC5-3RJ1T-0KI92-64ISC', '9855f5cdff0306ae33a49f89e087ccbc', 'alumni1@pm.me', 3, 'N', 'N', '2019-07-29 22:16:58'),
('ID-1564429671-QTKUX-GEZF6-WUQA9-9VSSZ', '92706ba4fd3022cede6d1610b17a0d2d', 'mitra1@pm.me', 4, 'N', 'N', '2019-07-29 22:08:38'),
('ID-1564693567-F0YJJ-SHDUM-OAUMI-N3I8J', 'adfab9c56b8b16d6c067f8d3cff8818e', 'support@xnor-labs.com', 5, 'N', 'Y', '2019-08-01 21:06:08'),
('ID-1564697271-J37DJ-YZDVG-JJNL4-G93MY', 'adfab9c56b8b16d6c067f8d3cff8818e', 'rezimaulana10100@gmail.com', 5, 'N', 'Y', '2019-08-01 22:07:51'),
('ID-1564699341-OOUXY-2AQW0-EG0K6-U1XPL', 'adfab9c56b8b16d6c067f8d3cff8818e', 'rezimaulana1010@gmail.com', 5, 'N', 'Y', '2019-08-01 22:42:21'),
('ID-1566370836-UG3BJ-P15NQ-NRG6R-SNWLS', '9855f5cdff0306ae33a49f89e087ccbc', 'asyoko2205@gmail.com', 3, 'N', 'Y', '2019-08-21 07:03:11');

-- --------------------------------------------------------

--
-- Table structure for table `t_user_d`
--

CREATE TABLE `t_user_d` (
  `id_user` varchar(50) NOT NULL,
  `u_email` varchar(320) NOT NULL,
  `u_name` varchar(100) DEFAULT NULL,
  `u_gender` enum('M','F') DEFAULT NULL,
  `u_bloodtp` enum('A','B','O','AB') DEFAULT NULL,
  `u_birthplace` varchar(50) DEFAULT NULL,
  `u_birthdate` date DEFAULT NULL,
  `u_nation` varchar(50) DEFAULT NULL,
  `u_marital` enum('Y','N') DEFAULT NULL,
  `u_1_addr` varchar(200) DEFAULT NULL,
  `u_2_subdis` varchar(100) DEFAULT NULL,
  `u_3_dist` varchar(100) DEFAULT NULL,
  `u_4_addr` varchar(100) DEFAULT NULL,
  `u_postcode` varchar(30) DEFAULT NULL,
  `c_id` int(11) DEFAULT NULL,
  `u_phone` varchar(50) DEFAULT NULL,
  `u_last_edu` varchar(50) DEFAULT NULL,
  `u_le_place` varchar(100) DEFAULT NULL,
  `u_le_year_entry` year(4) DEFAULT NULL,
  `u_le_year_gradu` year(4) DEFAULT NULL,
  `timestamp` timestamp NOT NULL DEFAULT CURRENT_TIMESTAMP ON UPDATE CURRENT_TIMESTAMP
) ENGINE=InnoDB DEFAULT CHARSET=latin1;

--
-- Dumping data for table `t_user_d`
--

INSERT INTO `t_user_d` (`id_user`, `u_email`, `u_name`, `u_gender`, `u_bloodtp`, `u_birthplace`, `u_birthdate`, `u_nation`, `u_marital`, `u_1_addr`, `u_2_subdis`, `u_3_dist`, `u_4_addr`, `u_postcode`, `c_id`, `u_phone`, `u_last_edu`, `u_le_place`, `u_le_year_entry`, `u_le_year_gradu`, `timestamp`) VALUES
('ID-1561733215-TB7EL-JY9AL-JXF9M-8JFSE', 'desty10irmayanti@yahoo.com', 'DESTY IRMAYANTI', 'F', 'A', 'BANDUNG', '1996-07-10', 'Indonesia', 'N', 'JL LINGGAWASTU NO 7 RT 001 RW 017 KEL TAMANSARI', 'KEC BANDUNG WETAN', 'KOTA BANDUNG', 'JAWA BARAT', '40116', 100, '081223192809', 'D4  Teknik Mekatronika', 'Politeknik Manufaktur Bandung', 2016, 2018, '2019-07-26 12:57:43'),
('ID-1561733263-4KR0A-V8XDE-V9N1B-VCSC5', 'fatimahuwi1302@gmail.com', 'DEWI FATIMAH', 'F', 'B', 'SERANG', '1996-02-13', 'Indonesia', 'N', 'JL CIROYOM RT 001 RW 009 KEL CIROYOM', 'KEC ANDIR', 'KOTA BANDUNG', 'JAWA BARAT', '40181', 100, '085793903850', 'D4  Teknik Mekatronika', 'Politeknik Manufaktur Bandung', 2014, 2018, '2019-06-28 17:38:02'),
('ID-1561733283-6S8CW-SG0AY-8YR2P-T935Z', 'hannaap@outlook.com', 'HANNA APRIANI', 'F', 'O', 'SEMARANG', '1995-10-20', 'Indonesia', 'N', 'JL CIBUNTU TIMUR RT 004 RW 004 KEL WARUNG MUNCANG', 'KEC BANDUNG KULON', 'KOTA BANDUNG', 'JAWA BARAT', '40209', 100, '081222664846', 'D4  Teknik Mekatronika', 'Politeknik Manufaktur Bandung', 2014, 2015, '2019-06-28 14:54:01'),
('ID-1564344385-Q6V2Y-2XGXN-QFM7S-7KO4L', 'ecepcecep@yahoo.com', 'A', '', '', '', '0000-00-00', '', '', '', '', '', '', '', 100, '', '', '', 0000, 0000, '2019-08-02 16:12:37'),
('ID-1564426285-H5IMD-MF1GM-GXR50-OZSMO', 'umum1@pm.me', 'RUDI SUJARPO', 'M', 'AB', 'BANDUNG', '1996-08-06', 'Indonesia', 'N', 'JL BABAKAN CIBEUREUM RT 006 RW 001 KEL CAMPAKA ', 'KEC ANDIR', 'KOTA BANDUNG', 'JAWA BARAT', '40184', 15, '0', 'S1 - Ekonomi', 'Universitas Islam Bandung', 2017, 2019, '2019-07-29 19:24:59'),
('ID-1564426308-NYCC5-3RJ1T-0KI92-64ISC', 'alumni1@pm.me', 'MUHAMAD RAHMAT', 'M', 'A', 'BANDUNG', '1998-10-19', 'Indonesia', 'N', 'JL KEJAKSAAN NO 60 BLK 11 B RT 002 RW 006 KEL BRAGA ', 'KEC SUMUR BANDUNG', 'KOTA BANDUNG', 'JAWA BARAT', '40111', 100, '081312098075', 'D4 - Teknik Perancangan Prakakas Presisi', 'Politeknik Manufaktur Bandung', 2015, 2018, '2019-07-29 19:18:51'),
('ID-1564693567-F0YJJ-SHDUM-OAUMI-N3I8J', 'support@xnor-labs.com', 'support@xnor-labs.com', '', '', '', '0000-00-00', '', '', '', '', '', '', '', 100, '', '', '', 0000, 0000, '2019-08-02 13:42:16'),
('ID-1564697271-J37DJ-YZDVG-JJNL4-G93MY', 'rezimaulana10100@gmail.com', 'rezimaulana10100@gmail.com', '', '', '', '0000-00-00', '', '', '', '', '', '', '', 100, '', '', '', 0000, 0000, '2019-08-02 13:41:00'),
('ID-1564699341-OOUXY-2AQW0-EG0K6-U1XPL', 'rezimaulana1010@gmail.com', 'rezimaulana1010@gmail.com', '', '', '', '0000-00-00', '', '', '', '', '', '', '', 100, '', '', '', 0000, 0000, '2019-08-02 13:40:24'),
('ID-1566370836-UG3BJ-P15NQ-NRG6R-SNWLS', 'asyoko2205@gmail.com', 'N Asyoko', 'M', 'O', 'Madiun', '2003-08-28', 'Indonesia', 'Y', 'Cigadung', 'Cibeunying Kaler', 'Bandung', 'Jawa Barat', '40123', 100, '081214109567', 'D4 - Teknik Mekatronika', 'Politeknik Manufaktur Bandung', 2014, 2018, '2019-08-21 08:05:06');

-- --------------------------------------------------------

--
-- Table structure for table `t_user_file`
--

CREATE TABLE `t_user_file` (
  `id_file` varchar(50) NOT NULL,
  `id_user` varchar(50) NOT NULL,
  `u_resume` varchar(50) DEFAULT NULL,
  `u_cv` varchar(50) DEFAULT NULL,
  `u_certificate` varchar(50) DEFAULT NULL,
  `u_qualification` varchar(50) DEFAULT NULL,
  `u_pic` varchar(50) DEFAULT NULL,
  `u_add` varchar(100) DEFAULT NULL,
  `timestamp` timestamp NOT NULL DEFAULT CURRENT_TIMESTAMP ON UPDATE CURRENT_TIMESTAMP
) ENGINE=InnoDB DEFAULT CHARSET=latin1;

--
-- Dumping data for table `t_user_file`
--

INSERT INTO `t_user_file` (`id_file`, `id_user`, `u_resume`, `u_cv`, `u_certificate`, `u_qualification`, `u_pic`, `u_add`, `timestamp`) VALUES
('ID-1561733215-TB7EL-JY9AL-JXF9M-8JFSE', 'ID-1561733215-TB7EL-JY9AL-JXF9M-8JFSE', 'ID-1561733215-TB7EL-JY9AL-JXF9M-8JFSE-RES.pdf', 'ID-1561733215-TB7EL-JY9AL-JXF9M-8JFSE-CUR.pdf', 'ID-1561733215-TB7EL-JY9AL-JXF9M-8JFSE-CER.pdf', 'ID-1561733215-TB7EL-JY9AL-JXF9M-8JFSE-QUA.pdf', 'ID-1561733215-TB7EL-JY9AL-JXF9M-8JFSE-PIC.png', 'ID-1561733215-TB7EL-JY9AL-JXF9M-8JFSE-ADD.xlsx', '2019-07-07 16:10:07'),
('ID-1561733263-4KR0A-V8XDE-V9N1B-VCSC5', 'ID-1561733263-4KR0A-V8XDE-V9N1B-VCSC5', 'ID-1561733263-4KR0A-V8XDE-V9N1B-VCSC5-RES.pdf', 'ID-1561733263-4KR0A-V8XDE-V9N1B-VCSC5-CUR.pdf', 'ID-1561733263-4KR0A-V8XDE-V9N1B-VCSC5-CER.pdf', 'ID-1561733263-4KR0A-V8XDE-V9N1B-VCSC5-QUA.pdf', 'ID-1561733263-4KR0A-V8XDE-V9N1B-VCSC5-PIC.png', 'ID-1561733263-4KR0A-V8XDE-V9N1B-VCSC5-ADD.xlsx', '2019-06-28 17:36:36'),
('ID-1561733283-6S8CW-SG0AY-8YR2P-T935Z', 'ID-1561733283-6S8CW-SG0AY-8YR2P-T935Z', 'ID-1561733283-6S8CW-SG0AY-8YR2P-T935Z-RES.pdf', 'ID-1561733283-6S8CW-SG0AY-8YR2P-T935Z-CUR.pdf', 'ID-1561733283-6S8CW-SG0AY-8YR2P-T935Z-CER.pdf', 'ID-1561733283-6S8CW-SG0AY-8YR2P-T935Z-QUA.pdf', 'ID-1561733283-6S8CW-SG0AY-8YR2P-T935Z-PIC.png', 'ID-1561733283-6S8CW-SG0AY-8YR2P-T935Z-ADD.xlsx', '2019-06-28 14:55:23'),
('ID-1564344385-Q6V2Y-2XGXN-QFM7S-7KO4L', 'ID-1564344385-Q6V2Y-2XGXN-QFM7S-7KO4L', NULL, NULL, NULL, NULL, NULL, NULL, '2019-07-28 20:06:25'),
('ID-1564426285-H5IMD-MF1GM-GXR50-OZSMO', 'ID-1564426285-H5IMD-MF1GM-GXR50-OZSMO', 'ID-1564426285-H5IMD-MF1GM-GXR50-OZSMO-RES.pdf', 'ID-1564426285-H5IMD-MF1GM-GXR50-OZSMO-CUR.pdf', 'ID-1564426285-H5IMD-MF1GM-GXR50-OZSMO-CER.pdf', 'ID-1564426285-H5IMD-MF1GM-GXR50-OZSMO-QUA.pdf', 'ID-1564426285-H5IMD-MF1GM-GXR50-OZSMO-PIC.png', 'ID-1564426285-H5IMD-MF1GM-GXR50-OZSMO-ADD.xlsx', '2019-07-29 19:25:55'),
('ID-1564426308-NYCC5-3RJ1T-0KI92-64ISC', 'ID-1564426308-NYCC5-3RJ1T-0KI92-64ISC', 'ID-1564426308-NYCC5-3RJ1T-0KI92-64ISC-RES.pdf', 'ID-1564426308-NYCC5-3RJ1T-0KI92-64ISC-CUR.pdf', 'ID-1564426308-NYCC5-3RJ1T-0KI92-64ISC-CER.pdf', 'ID-1564426308-NYCC5-3RJ1T-0KI92-64ISC-QUA.pdf', 'ID-1564426308-NYCC5-3RJ1T-0KI92-64ISC-PIC.png', 'ID-1564426308-NYCC5-3RJ1T-0KI92-64ISC-ADD.xlsx', '2019-07-29 19:15:11'),
('ID-1564693567-F0YJJ-SHDUM-OAUMI-N3I8J', 'ID-1564693567-F0YJJ-SHDUM-OAUMI-N3I8J', NULL, NULL, NULL, NULL, NULL, NULL, '2019-08-01 21:06:08'),
('ID-1564697271-J37DJ-YZDVG-JJNL4-G93MY', 'ID-1564697271-J37DJ-YZDVG-JJNL4-G93MY', NULL, NULL, NULL, NULL, NULL, NULL, '2019-08-01 22:07:51'),
('ID-1564699341-OOUXY-2AQW0-EG0K6-U1XPL', 'ID-1564699341-OOUXY-2AQW0-EG0K6-U1XPL', NULL, NULL, NULL, NULL, NULL, NULL, '2019-08-01 22:42:22'),
('ID-1566370836-UG3BJ-P15NQ-NRG6R-SNWLS', 'ID-1566370836-UG3BJ-P15NQ-NRG6R-SNWLS', NULL, NULL, NULL, NULL, NULL, NULL, '2019-08-21 07:00:36');

--
-- Indexes for dumped tables
--

--
-- Indexes for table `ci_session`
--
ALTER TABLE `ci_session`
  ADD PRIMARY KEY (`id`),
  ADD KEY `ci_session_timestamp` (`timestamp`);

--
-- Indexes for table `daftar_file`
--
ALTER TABLE `daftar_file`
  ADD PRIMARY KEY (`nomor_file`);

--
-- Indexes for table `t_apply`
--
ALTER TABLE `t_apply`
  ADD PRIMARY KEY (`id_apply`),
  ADD KEY `id_job` (`id_job`),
  ADD KEY `r_lvl` (`r_lvl`),
  ADD KEY `id_file` (`id_file`);

--
-- Indexes for table `t_country`
--
ALTER TABLE `t_country`
  ADD PRIMARY KEY (`c_id`);

--
-- Indexes for table `t_job`
--
ALTER TABLE `t_job`
  ADD PRIMARY KEY (`id_job`),
  ADD KEY `id_user` (`id_user_p`);

--
-- Indexes for table `t_partner_d`
--
ALTER TABLE `t_partner_d`
  ADD PRIMARY KEY (`id_user`),
  ADD UNIQUE KEY `u_email` (`u_email`),
  ADD KEY `c_id` (`c_id`);

--
-- Indexes for table `t_partner_t`
--
ALTER TABLE `t_partner_t`
  ADD PRIMARY KEY (`id_pt`),
  ADD KEY `id_user` (`id_user`),
  ADD KEY `id_job` (`id_job`);

--
-- Indexes for table `t_rule`
--
ALTER TABLE `t_rule`
  ADD PRIMARY KEY (`r_lvl`);

--
-- Indexes for table `t_track`
--
ALTER TABLE `t_track`
  ADD PRIMARY KEY (`id_log`),
  ADD KEY `id_user` (`id_user`);

--
-- Indexes for table `t_user`
--
ALTER TABLE `t_user`
  ADD PRIMARY KEY (`id_user`),
  ADD UNIQUE KEY `u_email` (`u_email`),
  ADD KEY `r_lvl` (`r_lvl`);

--
-- Indexes for table `t_user_d`
--
ALTER TABLE `t_user_d`
  ADD PRIMARY KEY (`id_user`),
  ADD UNIQUE KEY `u_email` (`u_email`),
  ADD KEY `c_id` (`c_id`);

--
-- Indexes for table `t_user_file`
--
ALTER TABLE `t_user_file`
  ADD PRIMARY KEY (`id_file`),
  ADD UNIQUE KEY `id_user` (`id_user`);

--
-- AUTO_INCREMENT for dumped tables
--

--
-- AUTO_INCREMENT for table `daftar_file`
--
ALTER TABLE `daftar_file`
  MODIFY `nomor_file` int(11) NOT NULL AUTO_INCREMENT;

--
-- AUTO_INCREMENT for table `t_country`
--
ALTER TABLE `t_country`
  MODIFY `c_id` int(11) NOT NULL AUTO_INCREMENT, AUTO_INCREMENT=240;

--
-- Constraints for dumped tables
--

--
-- Constraints for table `t_apply`
--
ALTER TABLE `t_apply`
  ADD CONSTRAINT `t_apply_ibfk_1` FOREIGN KEY (`id_job`) REFERENCES `t_job` (`id_job`) ON UPDATE CASCADE,
  ADD CONSTRAINT `t_apply_ibfk_3` FOREIGN KEY (`r_lvl`) REFERENCES `t_rule` (`r_lvl`) ON UPDATE CASCADE,
  ADD CONSTRAINT `t_apply_ibfk_4` FOREIGN KEY (`id_file`) REFERENCES `t_user_file` (`id_file`) ON UPDATE CASCADE;

--
-- Constraints for table `t_job`
--
ALTER TABLE `t_job`
  ADD CONSTRAINT `t_job_ibfk_1` FOREIGN KEY (`id_user_p`) REFERENCES `t_user` (`id_user`) ON UPDATE CASCADE;

--
-- Constraints for table `t_partner_d`
--
ALTER TABLE `t_partner_d`
  ADD CONSTRAINT `t_partner_d_ibfk_1` FOREIGN KEY (`id_user`) REFERENCES `t_user` (`id_user`) ON UPDATE CASCADE,
  ADD CONSTRAINT `t_partner_d_ibfk_2` FOREIGN KEY (`c_id`) REFERENCES `t_country` (`c_id`) ON UPDATE CASCADE;

--
-- Constraints for table `t_partner_t`
--
ALTER TABLE `t_partner_t`
  ADD CONSTRAINT `t_partner_t_ibfk_1` FOREIGN KEY (`id_user`) REFERENCES `t_user` (`id_user`) ON UPDATE CASCADE,
  ADD CONSTRAINT `t_partner_t_ibfk_2` FOREIGN KEY (`id_job`) REFERENCES `t_job` (`id_job`) ON UPDATE CASCADE;

--
-- Constraints for table `t_track`
--
ALTER TABLE `t_track`
  ADD CONSTRAINT `t_track_ibfk_1` FOREIGN KEY (`id_user`) REFERENCES `t_user` (`id_user`) ON UPDATE CASCADE;

--
-- Constraints for table `t_user`
--
ALTER TABLE `t_user`
  ADD CONSTRAINT `t_user_ibfk_1` FOREIGN KEY (`r_lvl`) REFERENCES `t_rule` (`r_lvl`) ON UPDATE CASCADE;

--
-- Constraints for table `t_user_d`
--
ALTER TABLE `t_user_d`
  ADD CONSTRAINT `t_user_d_ibfk_1` FOREIGN KEY (`id_user`) REFERENCES `t_user` (`id_user`) ON UPDATE CASCADE,
  ADD CONSTRAINT `t_user_d_ibfk_2` FOREIGN KEY (`c_id`) REFERENCES `t_country` (`c_id`) ON UPDATE CASCADE;

--
-- Constraints for table `t_user_file`
--
ALTER TABLE `t_user_file`
  ADD CONSTRAINT `t_user_file_ibfk_1` FOREIGN KEY (`id_user`) REFERENCES `t_user` (`id_user`) ON UPDATE CASCADE;
COMMIT;

/*!40101 SET CHARACTER_SET_CLIENT=@OLD_CHARACTER_SET_CLIENT */;
/*!40101 SET CHARACTER_SET_RESULTS=@OLD_CHARACTER_SET_RESULTS */;
/*!40101 SET COLLATION_CONNECTION=@OLD_COLLATION_CONNECTION */;
